,Player,Pos,Age,Tm,G,MP,PER,TS%,3PAr,FTr,ORB%,DRB%,TRB%,AST%,STL%,BLK%,TOV%,USG%, ,OWS,DWS,WS,WS/48, ,OBPM,DBPM,BPM,VORP
0,Steven Adams,C,26,OKC,14,368,16.7,.546,.000,.350,11.4,24.3,18.0,17.3,0.8,2.4,15.4,16.3,,0.5,0.4,0.9,.122,,-0.8,2.4,1.6,0.3
1,Bam Adebayo,C,22,MIA,17,551,20.9,.636,.041,.696,8.4,26.9,18.2,21.4,2.3,3.7,19.9,18.8,,1.2,1.2,2.5,.214,,0.7,5.2,5.9,1.1
2,LaMarcus Aldridge,C,34,SAS,19,625,20.4,.578,.106,.226,6.7,15.0,10.8,10.7,0.9,4.2,9.6,23.2,,1.2,0.3,1.5,.118,,1.0,-0.2,0.8,0.5
3,Nickeil Alexander-Walker,SG,21,NOP,16,230,7.3,.436,.545,.125,0.9,16.2,8.3,21.8,1.0,0.7,14.5,24.4,,-0.3,0.0,-0.3,-0.060,,-3.7,-3.0,-6.7,-0.3
4,Grayson Allen,SG,24,MEM,7,115,4.7,.419,.478,.261,0.9,15.0,7.9,15.1,0.8,0.0,14.9,21.7,,-0.2,0.0,-0.2,-0.089,,-5.3,-3.4,-8.8,-0.2
5,Jarrett Allen,C,21,BRK,18,479,22.1,.679,.008,.700,13.5,26.9,20.3,6.3,1.2,4.0,11.8,15.4,,1.5,0.7,2.2,.219,,0.8,1.8,2.7,0.6
6,Al-Farouq Aminu,PF,29,ORL,17,362,8.2,.398,.418,.367,6.4,19.0,12.4,7.6,2.2,2.0,14.1,12.8,,-0.3,0.6,0.3,.033,,-4.6,2.7,-1.9,0.0
7,Kyle Anderson,PF,26,MEM,16,334,14.8,.552,.176,.308,4.8,18.7,11.7,17.3,1.7,3.1,12.7,14.7,,0.4,0.2,0.6,.090,,-0.9,1.4,0.5,0.2
8,Ryan Anderson,PF,31,HOU,2,14,9.8,.357,.714,.000,0.0,50.8,25.5,20.7,3.3,0.0,12.5,23.2,,0.0,0.0,0.0,-0.025,,-6.6,2.2,-4.4,0.0
9,Giannis Antetokounmpo,PF,25,MIL,18,595,32.7,.609,.232,.577,8.2,31.6,20.3,34.1,2.1,3.8,14.4,36.7,,2.1,1.5,3.6,.287,,7.2,5.3,12.5,2.2
10,Kostas Antetokounmpo,PF,22,LAL,2,3,3.9,,,,0.0,36.5,18.5,0.0,0.0,0.0,,0.0,,0.0,0.0,0.0,.079,,-9.6,-0.9,-10.5,0.0
11,Thanasis Antetokounmpo,SF,27,MIL,3,13,8.1,.500,.000,.000,15.7,0.0,7.6,10.4,0.0,0.0,20.0,15.7,,0.0,0.0,0.0,.053,,-2.3,-2.5,-4.8,0.0
12,Carmelo Anthony,PF,35,POR,5,146,12.1,.529,.320,.107,2.8,14.4,8.7,9.7,1.0,0.6,14.2,26.1,,-0.1,0.1,0.0,-0.001,,-2.5,-2.6,-5.1,-0.1
13,OG Anunoby,SF,22,TOR,16,476,15.2,.651,.446,.115,3.7,14.7,9.6,7.3,1.6,2.8,11.5,14.8,,0.7,0.8,1.6,.158,,1.4,2.6,3.9,0.7
14,Ryan Arcidiacono,PG,25,CHI,19,325,9.9,.562,.600,.271,3.0,8.0,5.4,15.0,1.6,0.3,11.3,11.2,,0.4,0.2,0.6,.096,,-1.0,-0.7,-1.6,0.0
15,Trevor Ariza,SF,34,SAC,11,227,6.9,.520,.762,.119,2.0,17.6,9.6,5.4,1.9,0.0,13.7,9.8,,0.0,0.2,0.2,.040,,-2.2,0.2,-2.1,0.0
16,D.J. Augustin,PG,32,ORL,17,433,12.9,.499,.361,.257,1.6,7.2,4.3,28.5,1.1,0.0,11.6,18.2,,0.4,0.3,0.7,.081,,-0.9,-2.4,-3.3,-0.1
17,Deandre Ayton,C,21,PHO,1,33,26.5,.643,.000,.000,9.9,27.2,18.4,0.0,1.4,10.6,0.0,18.0,,0.1,0.1,0.2,.226,,-2.5,0.4,-2.1,0.0
18,Dwayne Bacon,SG,24,CHO,14,298,5.5,.401,.276,.205,2.5,11.7,6.9,9.6,1.9,0.6,11.5,22.6,,-0.7,0.1,-0.6,-0.095,,-6.7,-2.1,-8.8,-0.5
19,Marvin Bagley,PF,20,SAC,1,28,14.1,.394,.000,.250,16.0,25.2,20.5,0.0,1.8,3.3,5.3,29.2,,-0.1,0.0,0.0,-0.038,,-10.3,-6.8,-17.2,-0.1
20,,,,,,,,,,,,,,,,,,,,,,,,,,,,
21,Lonzo Ball,PG,22,NOP,11,298,13.2,.494,.588,.084,3.4,12.9,8.0,29.4,2.2,0.6,17.4,20.3,,0.1,0.1,0.2,.037,,0.4,-1.4,-1.0,0.1
22,Mo Bamba,C,21,ORL,15,226,10.7,.459,.367,.076,8.5,26.5,17.1,6.1,1.1,7.9,18.9,19.3,,-0.4,0.5,0.1,.015,,-6.3,3.7,-2.7,0.0
23,J.J. Barea,PG,35,DAL,3,44,27.0,.676,.400,.080,2.4,6.8,4.7,23.8,2.2,1.9,13.4,28.6,,0.1,0.0,0.2,.205,,5.2,-2.4,2.8,0.1
24,Harrison Barnes,PF,27,SAC,17,586,16.5,.617,.364,.396,3.4,13.4,8.3,9.5,1.3,0.6,9.1,18.0,,1.3,0.3,1.6,.133,,1.9,-0.8,1.1,0.5
25,RJ Barrett,SG,19,NYK,17,565,11.6,.462,.238,.371,3.9,14.5,8.9,17.9,2.2,1.2,14.4,24.5,,-0.6,0.4,-0.2,-0.020,,-2.9,-0.4,-3.3,-0.2
26,Will Barton,SF,29,DEN,14,451,18.0,.566,.352,.205,6.2,16.8,11.4,15.8,1.4,1.4,8.6,19.8,,0.9,0.8,1.6,.176,,2.1,1.5,3.6,0.6
27,Keita Bates-Diop,SF,24,MIN,7,125,17.6,.696,.585,.195,4.1,11.3,7.7,2.5,1.1,2.5,6.3,15.5,,0.3,0.1,0.4,.164,,1.5,-1.3,0.2,0.1
28,Nicolas Batum,SF,31,CHO,8,185,10.8,.582,.778,.185,4.0,19.5,11.4,22.5,1.3,2.4,30.8,9.8,,0.1,0.1,0.3,.067,,-1.8,0.9,-0.9,0.1
29,Aron Baynes,C,33,PHO,12,288,22.3,.679,.456,.281,6.8,19.1,12.9,20.6,0.6,2.7,9.2,20.8,,1.1,0.3,1.4,.232,,5.9,0.4,6.3,0.6
30,Kent Bazemore,SF,30,POR,19,433,8.3,.455,.475,.241,1.9,17.6,9.8,11.3,1.7,2.7,15.2,17.7,,-0.4,0.4,0.0,.001,,-3.5,1.2,-2.2,0.0
31,Darius Bazley,PF,19,OKC,17,295,8.7,.540,.522,.209,2.6,20.6,11.8,4.4,1.0,1.9,16.1,13.0,,-0.1,0.3,0.2,.036,,-3.8,0.4,-3.4,-0.1
32,Bradley Beal,SG,26,WAS,16,592,22.6,.589,.383,.303,2.7,10.4,6.5,28.3,1.2,0.6,11.7,30.8,,1.7,-0.1,1.7,.134,,5.2,-3.2,2.0,0.6
33,Malik Beasley,SG,23,DEN,12,183,8.4,.512,.500,.071,2.3,8.7,5.5,9.5,1.9,1.0,17.2,20.3,,-0.2,0.3,0.1,.023,,-3.2,-0.2,-3.4,-0.1
34,Marco Belinelli,SG,33,SAS,18,293,4.6,.381,.486,.144,0.4,9.3,4.7,12.4,0.8,0.0,7.1,18.3,,-0.5,0.0,-0.5,-0.078,,-4.4,-3.9,-8.3,-0.5
35,Jordan Bell,C,25,MIN,9,74,13.3,.608,.158,.579,12.4,31.4,22.0,11.8,0.0,3.2,33.5,19.7,,0.0,0.1,0.0,.031,,-5.8,1.1,-4.7,0.0
36,DeAndre' Bembry,SG,25,ATL,18,454,12.9,.575,.198,.302,4.1,13.9,9.0,16.7,2.9,1.4,20.0,13.6,,0.2,0.3,0.5,.055,,-1.0,0.8,-0.2,0.2
37,Dragan Bender,SF,22,MIL,1,2,2.3,,,,0.0,0.0,0.0,55.8,0.0,43.4,100.0,20.4,,0.0,0.0,0.0,-0.215,,-28.5,11.2,-17.3,0.0
38,Dāvis Bertāns,PF,27,WAS,16,441,15.8,.649,.792,.136,2.9,15.4,9.0,8.3,0.9,1.5,6.3,16.2,,1.1,0.0,1.1,.121,,4.1,-2.1,2.0,0.4
39,Patrick Beverley,PG,31,LAC,17,507,9.6,.458,.578,.148,4.5,17.3,11.0,15.0,2.3,2.1,16.5,13.2,,0.0,0.9,0.9,.083,,-1.2,3.7,2.5,0.6
40,Khem Birch,C,27,ORL,8,145,8.3,.523,.040,.680,7.7,13.8,10.6,2.0,0.7,0.6,8.5,10.6,,0.1,0.1,0.2,.077,,-4.1,-0.6,-4.7,-0.1
41,,,,,,,,,,,,,,,,,,,,,,,,,,,,
42,Goga Bitadze,C,20,IND,12,189,16.2,.570,.208,.358,9.2,17.1,13.2,9.8,0.3,8.4,12.8,15.9,,0.3,0.4,0.7,.168,,-1.1,4.3,3.2,0.2
43,Bismack Biyombo,C,27,CHO,17,264,20.9,.635,.000,.695,9.6,18.1,13.7,7.5,1.1,4.0,7.8,19.0,,0.8,0.2,1.0,.174,,0.2,-0.2,0.1,0.1
44,Nemanja Bjelica,PF,31,SAC,17,443,15.4,.596,.507,.071,7.3,21.0,14.0,13.9,1.8,1.5,14.8,16.7,,0.7,0.4,1.1,.118,,1.6,1.1,2.7,0.5
45,Eric Bledsoe,PG,30,MIL,18,501,19.0,.547,.302,.266,3.9,14.0,9.1,29.5,1.4,1.2,12.9,25.9,,0.9,0.7,1.7,.162,,1.8,0.1,1.8,0.5
46,Bogdan Bogdanović,SG,27,SAC,16,445,18.0,.553,.574,.196,0.5,10.8,5.5,28.3,2.8,0.4,11.6,24.5,,0.7,0.4,1.1,.118,,3.4,-1.5,1.9,0.4
47,Bojan Bogdanović,SF,30,UTA,17,565,17.9,.627,.452,.261,2.2,10.9,6.8,11.6,1.1,0.6,13.9,26.0,,0.9,0.7,1.6,.138,,2.5,-0.8,1.8,0.5
48,Jonah Bolden,PF,24,PHI,2,5,7.9,.532,.000,2.000,0.0,0.0,0.0,0.0,9.6,0.0,34.7,24.4,,0.0,0.0,0.0,-0.195,,-9.5,4.3,-5.2,0.0
49,Jordan Bone,PG,22,DET,3,6,-16.4,.400,.200,.000,0.0,0.0,0.0,0.0,0.0,0.0,28.6,50.7,,-0.1,0.0,-0.1,-0.644,,-23.8,-11.0,-34.8,0.0
50,Isaac Bonga,SF,20,WAS,11,162,9.8,.556,.188,.281,4.6,14.5,9.4,9.5,2.0,1.0,14.3,10.6,,0.1,0.0,0.2,.058,,-1.5,0.1,-1.4,0.0
51,Devin Booker,SG,23,PHO,17,600,19.5,.638,.306,.289,1.3,10.1,5.6,29.8,0.7,0.9,17.6,28.5,,1.3,0.4,1.6,.131,,3.4,-2.1,1.3,0.5
52,Chris Boucher,PF,27,TOR,15,202,21.2,.540,.342,.303,20.0,18.6,19.2,6.6,1.2,5.8,6.5,19.5,,0.6,0.4,1.0,.233,,2.0,2.1,4.1,0.3
53,Brian Bowen,SG,21,IND,3,10,1.2,.250,.250,.000,0.0,10.8,5.4,0.0,0.0,8.8,0.0,17.1,,0.0,0.0,0.0,-0.114,,-12.0,0.4,-11.6,0.0
54,Ky Bowman,PG,22,GSW,19,421,13.4,.565,.331,.106,2.0,9.0,5.5,17.9,2.1,0.4,11.3,16.7,,0.5,0.1,0.6,.063,,-0.3,-2.2,-2.4,0.0
55,Avery Bradley,SG,29,LAL,10,274,10.5,.548,.333,.095,2.9,10.0,6.5,8.9,1.7,0.3,11.2,15.4,,0.2,0.4,0.5,.093,,-1.4,-0.1,-1.5,0.0
56,Tony Bradley,C,22,UTA,13,142,19.7,.668,.000,.341,15.3,22.5,19.0,4.7,0.7,4.1,12.9,16.6,,0.4,0.3,0.7,.225,,0.1,1.6,1.7,0.1
57,Jarrell Brantley,PF,23,UTA,1,5,21.6,,,,0.0,61.7,32.5,25.5,0.0,16.7,,0.0,,0.0,0.0,0.0,.281,,-6.9,15.9,8.9,0.0
58,Ignas Brazdeikis,SF,21,NYK,5,24,1.3,.368,.200,.200,4.2,0.0,2.2,6.4,0.0,4.1,15.5,22.8,,-0.1,0.0,-0.1,-0.169,,-9.5,-3.8,-13.3,-0.1
59,Mikal Bridges,SF,23,PHO,17,340,12.5,.535,.342,.382,4.2,15.8,9.9,7.1,3.4,1.3,8.3,12.1,,0.3,0.5,0.8,.117,,-1.0,2.7,1.7,0.3
60,Miles Bridges,SF,21,CHO,19,600,12.3,.551,.407,.115,4.1,15.0,9.2,9.6,0.9,2.1,12.7,18.1,,0.3,0.2,0.5,.038,,-1.2,-0.7,-1.9,0.0
61,Oshae Brissett,SF,21,TOR,3,13,11.0,.500,.333,.000,0.0,7.4,3.9,10.0,3.7,0.0,0.0,9.9,,0.0,0.0,0.0,.124,,-1.7,1.6,-0.1,0.0
62,,,,,,,,,,,,,,,,,,,,,,,,,,,,
63,Ryan Broekhoff,SG,29,DAL,4,25,19.9,.750,.625,.000,0.0,20.0,10.3,16.9,1.9,0.0,11.1,15.1,,0.1,0.0,0.1,.215,,3.4,-0.9,2.5,0.0
64,Malcolm Brogdon,PG,27,IND,14,432,22.6,.576,.292,.239,2.3,14.7,8.5,39.8,1.5,0.6,14.4,26.8,,1.2,0.6,1.8,.200,,4.3,0.1,4.4,0.7
65,Dillon Brooks,SG,24,MEM,17,465,10.7,.501,.385,.190,4.1,9.3,6.7,10.7,1.8,1.3,10.3,21.5,,0.0,0.2,0.2,.016,,-1.2,-1.8,-3.0,-0.1
66,Bruce Brown,SG,23,DET,18,489,9.3,.488,.228,.260,3.6,13.2,8.4,19.2,1.9,1.7,20.3,15.8,,-0.2,0.4,0.3,.026,,-2.9,0.9,-2.0,0.0
67,Charlie Brown,SG,22,ATL,4,16,21.7,.735,.333,1.333,13.8,6.9,10.4,0.0,0.0,5.7,0.0,12.3,,0.1,0.0,0.1,.250,,2.2,-4.4,-2.2,0.0
68,Jaylen Brown,SF,23,BOS,14,466,18.1,.575,.327,.275,3.3,19.3,11.3,10.6,1.8,0.8,8.5,23.6,,0.7,0.8,1.5,.156,,1.0,0.3,1.3,0.4
69,Moses Brown,C,20,POR,4,15,15.6,.457,.000,.571,13.7,46.9,30.4,0.0,3.1,0.0,10.2,27.0,,0.0,0.0,0.0,.066,,-10.5,-7.6,-18.1,-0.1
70,Sterling Brown,SF,24,MIL,15,255,11.9,.546,.541,.176,4.4,23.8,14.5,11.1,1.4,0.7,15.8,15.1,,0.1,0.4,0.6,.111,,-1.6,0.9,-0.7,0.1
71,Troy Brown,SG,20,WAS,13,275,12.3,.503,.277,.120,6.6,17.5,11.9,12.0,2.3,0.3,14.6,15.3,,0.1,0.1,0.2,.040,,-1.3,-0.1,-1.4,0.0
72,Jalen Brunson,PG,23,DAL,17,295,15.5,.538,.306,.250,3.6,11.9,7.9,24.4,1.6,0.0,13.1,19.7,,0.5,0.2,0.7,.111,,0.2,-1.3,-1.1,0.1
73,Thomas Bryant,C,22,WAS,16,458,21.0,.634,.204,.269,8.9,24.9,16.7,12.4,0.8,3.3,10.5,18.7,,1.4,0.2,1.6,.163,,2.4,0.5,2.9,0.6
74,Trey Burke,PG,27,PHI,6,105,12.4,.427,.244,.195,4.3,7.3,5.8,26.4,0.9,0.8,4.3,18.8,,0.1,0.1,0.2,.099,,-1.7,-2.1,-3.8,0.0
75,Alec Burks,SG,28,GSW,16,454,15.2,.540,.340,.361,2.1,15.7,8.8,15.5,1.4,1.1,9.4,22.6,,0.5,0.1,0.7,.070,,-0.3,-2.1,-2.4,0.0
76,Deonte Burton,SG,26,OKC,9,75,9.1,.502,.533,.067,3.0,21.3,12.3,4.2,0.6,0.0,8.9,19.8,,0.0,0.1,0.0,.016,,-3.9,-3.4,-7.4,-0.1
77,Jimmy Butler,SF,30,MIA,13,438,24.4,.580,.212,.648,7.0,11.0,9.1,30.6,3.7,2.5,13.5,24.0,,1.5,0.9,2.3,.256,,3.4,3.1,6.4,0.9
78,Bruno Caboclo,SF,24,MEM,10,87,13.3,.484,.406,.000,7.3,14.8,11.1,8.1,2.1,8.0,11.1,17.1,,0.0,0.1,0.1,.044,,-2.6,2.7,0.1,0.0
79,Kentavious Caldwell-Pope,SG,26,LAL,18,412,10.6,.561,.427,.145,2.4,8.0,5.2,7.8,1.5,0.6,10.2,15.2,,0.3,0.5,0.8,.098,,-1.0,-0.5,-1.5,0.1
80,Vlatko Čančar,SF,22,DEN,1,2,0.0,,,,0.0,0.0,0.0,0.0,0.0,0.0,,0.0,,0.0,0.0,0.0,.030,,-6.3,1.4,-5.0,0.0
81,Clint Capela,C,25,HOU,15,478,21.9,.622,.000,.274,12.0,34.9,23.4,5.0,1.2,5.4,11.6,16.9,,1.1,0.8,1.9,.192,,-1.7,2.4,0.7,0.3
82,DeMarre Carroll,SF,33,SAS,9,100,7.3,.442,.500,.182,7.3,20.8,13.9,11.1,0.5,1.7,17.4,12.1,,0.0,0.0,0.0,.011,,-2.9,-0.7,-3.6,0.0
83,,,,,,,,,,,,,,,,,,,,,,,,,,,,
84,Jevon Carter,PG,24,PHO,13,196,10.1,.552,.612,.082,1.7,12.6,7.0,16.5,2.9,2.2,22.8,14.3,,0.0,0.3,0.2,.056,,-1.8,1.9,0.1,0.1
85,Vince Carter,SF,43,ATL,13,202,5.9,.463,.649,.081,1.6,14.2,7.9,5.7,0.9,1.4,10.5,17.5,,-0.2,0.0,-0.2,-0.041,,-3.6,-3.3,-6.9,-0.3
86,Wendell Carter,C,20,CHI,19,545,18.1,.623,.076,.475,12.8,22.7,17.5,4.9,0.9,2.7,12.0,16.4,,1.3,0.7,1.9,.170,,-0.5,0.6,0.2,0.3
87,Michael Carter-Williams,SG,28,ORL,10,149,11.3,.421,.362,.426,7.5,14.9,11.0,12.6,2.6,3.6,12.5,18.6,,-0.1,0.3,0.2,.049,,-3.6,2.6,-1.0,0.0
88,Alex Caruso,PG,25,LAL,16,319,8.5,.490,.455,.078,0.4,8.6,4.5,12.8,2.7,1.7,17.6,12.9,,-0.1,0.5,0.4,.058,,-3.2,1.6,-1.6,0.0
89,Willie Cauley-Stein,C,26,GSW,16,359,15.1,.551,.000,.179,5.9,24.1,14.9,11.7,2.4,4.3,12.8,13.8,,0.3,0.4,0.7,.094,,-2.7,2.9,0.2,0.2
90,Tyson Chandler,C,37,HOU,16,146,12.8,.712,.000,.600,12.6,19.5,16.1,5.4,1.3,4.1,24.0,6.9,,0.3,0.2,0.4,.147,,-1.5,2.5,1.0,0.1
91,Zylan Cheatham,SF,24,NOP,2,20,-3.4,.250,.250,.000,0.0,16.5,7.9,6.1,0.0,0.0,20.0,10.1,,-0.1,0.0,-0.1,-0.139,,-9.4,-2.1,-11.5,0.0
92,Chris Chiozza,PG,24,WAS,3,37,4.8,.333,.444,.000,0.0,12.1,5.9,21.2,2.5,4.5,25.0,13.3,,-0.1,0.0,0.0,-0.061,,-6.2,1.2,-5.0,0.0
93,Marquese Chriss,PF,22,GSW,18,315,18.5,.579,.141,.364,8.7,19.9,14.3,18.1,2.4,5.2,18.5,18.8,,0.4,0.3,0.7,.108,,-0.8,2.7,1.9,0.3
94,Gary Clark,PF,25,HOU,5,39,18.6,.643,.714,.000,7.9,15.6,11.8,7.8,1.2,2.2,0.0,14.5,,0.1,0.0,0.2,.210,,3.2,-1.2,2.0,0.0
95,Brandon Clarke,PF,23,MEM,16,352,22.7,.686,.146,.146,7.3,23.2,15.2,9.1,1.2,4.0,10.4,19.1,,1.0,0.3,1.2,.170,,2.1,0.4,2.5,0.4
96,Jordan Clarkson,SG,27,CLE,18,408,19.8,.569,.447,.347,2.8,8.1,5.4,18.2,1.3,1.2,8.4,26.2,,1.0,0.1,1.1,.130,,3.5,-3.0,0.6,0.3
97,Nicolas Claxton,PF,20,BRK,9,119,9.7,.514,.238,.571,7.1,12.1,9.7,12.5,0.4,3.3,18.6,11.2,,0.1,0.1,0.1,.055,,-3.3,0.8,-2.5,0.0
98,Chris Clemons,SG,22,HOU,12,101,13.4,.606,.833,.095,2.0,7.0,4.5,9.1,0.9,1.7,10.3,19.6,,0.2,0.1,0.2,.100,,1.1,-3.3,-2.2,0.0
99,John Collins,PF,22,ATL,5,161,20.3,.621,.311,.279,6.9,23.3,15.1,7.9,1.5,5.7,9.3,19.3,,0.4,0.1,0.5,.145,,0.9,0.7,1.6,0.1
100,Zach Collins,PF,22,POR,3,86,9.2,.624,.368,.316,4.8,9.3,7.1,9.2,0.0,1.9,21.7,13.4,,0.1,0.0,0.1,.055,,-1.4,-1.1,-2.5,0.0
101,Mike Conley,PG,32,UTA,18,548,12.3,.496,.417,.311,2.5,9.2,6.0,24.3,1.1,0.3,13.1,23.7,,0.1,0.7,0.8,.068,,-0.6,-0.6,-1.2,0.1
102,Pat Connaughton,SG,27,MIL,16,280,13.1,.599,.613,.080,2.5,16.3,9.7,11.2,0.5,3.1,9.3,12.5,,0.4,0.4,0.9,.146,,0.0,1.1,1.0,0.2
103,Quinn Cook,PG,26,LAL,15,216,9.6,.479,.364,.039,2.1,8.1,5.1,17.0,1.3,0.4,13.3,17.9,,-0.1,0.3,0.2,.045,,-3.2,-1.6,-4.7,-0.1
104,,,,,,,,,,,,,,,,,,,,,,,,,,,,
105,Tyler Cook,PF,22,CLE,6,17,34.9,.872,.000,.333,18.6,12.9,15.8,0.0,2.8,0.0,12.7,19.8,,0.1,0.0,0.1,.322,,5.6,-5.7,0.0,0.0
106,Robert Covington,PF,29,MIN,17,460,14.6,.590,.596,.256,2.9,17.8,10.4,6.3,2.4,2.9,13.5,17.7,,0.4,0.7,1.1,.113,,-0.6,1.6,1.0,0.3
107,Allen Crabbe,SG,27,ATL,8,155,9.1,.479,.565,.152,3.6,13.6,8.6,6.4,1.2,1.2,7.5,14.1,,0.0,0.0,0.0,.008,,-2.3,-2.3,-4.6,-0.1
108,Torrey Craig,SF,29,DEN,13,187,8.1,.400,.488,.220,5.0,14.8,9.8,10.5,1.3,5.5,10.0,11.4,,-0.1,0.4,0.3,.077,,-3.9,4.2,0.3,0.1
109,Jae Crowder,SF,29,MEM,17,526,11.7,.576,.732,.215,2.2,17.8,10.0,11.9,1.4,1.2,13.8,14.9,,0.4,0.2,0.6,.057,,0.6,-0.4,0.2,0.3
110,Jarrett Culver,SG,20,MIN,18,425,8.2,.426,.415,.222,4.3,8.6,6.5,14.3,1.8,1.7,12.2,20.5,,-0.5,0.4,-0.2,-0.017,,-3.9,-0.2,-4.1,-0.2
111,Seth Curry,SG,29,DAL,15,314,11.8,.594,.615,.209,2.0,5.7,3.9,10.3,1.4,0.8,10.8,14.9,,0.5,0.2,0.7,.100,,0.9,-1.5,-0.6,0.1
112,Stephen Curry,PG,31,GSW,4,112,21.1,.548,.561,.273,3.8,15.4,9.5,40.9,2.1,1.5,16.9,33.4,,0.1,0.1,0.2,.074,,4.9,-1.8,3.1,0.1
113,Troy Daniels,SG,28,LAL,13,198,7.9,.498,.735,.044,1.7,7.7,4.8,4.0,1.0,0.5,5.5,15.8,,0.0,0.2,0.2,.055,,-1.7,-2.2,-3.9,-0.1
114,Anthony Davis,PF,26,LAL,17,594,27.8,.582,.186,.406,8.1,20.3,14.3,16.4,2.2,7.2,10.6,30.6,,1.7,1.4,3.1,.252,,2.4,4.3,6.7,1.3
115,Ed Davis,C,30,UTA,6,73,6.5,.425,.000,.400,14.1,31.0,23.0,1.9,0.7,3.4,29.8,10.0,,-0.1,0.2,0.1,.062,,-6.9,2.2,-4.7,0.0
116,Terence Davis,SG,22,TOR,17,264,17.1,.638,.558,.128,4.1,14.2,9.5,19.3,1.3,1.4,9.9,16.4,,0.8,0.4,1.2,.211,,3.2,0.7,4.0,0.4
117,Dewayne Dedmon,C,30,SAC,17,260,9.1,.501,.462,.143,10.4,21.7,15.9,4.7,1.3,2.8,21.2,20.6,,-0.3,0.3,-0.1,-0.012,,-4.2,-0.7,-4.9,-0.2
118,Matthew Dellavedova,PG,29,CLE,16,225,4.4,.368,.600,.260,1.9,9.7,5.7,22.6,1.3,0.4,21.2,13.4,,-0.3,0.1,-0.2,-0.047,,-4.4,-1.7,-6.1,-0.2
119,DeMar DeRozan,SF,30,SAS,19,646,20.5,.588,.013,.384,1.5,15.7,8.4,21.6,1.2,1.4,12.1,26.5,,1.4,0.2,1.6,.117,,1.1,-1.3,-0.2,0.3
120,Cheick Diallo,C,23,PHO,12,121,24.0,.834,.000,.237,8.1,23.2,15.5,8.4,0.0,2.9,12.5,16.9,,0.5,0.1,0.6,.238,,2.8,-0.3,2.5,0.1
121,Hamidou Diallo,SF,21,OKC,12,256,13.8,.525,.141,.196,6.1,13.3,9.8,6.3,3.4,1.3,12.3,19.5,,0.0,0.4,0.4,.066,,-2.6,1.2,-1.4,0.0
122,Gorgui Dieng,C,30,MIN,14,177,21.5,.556,.328,.250,7.5,27.4,17.5,16.1,2.6,6.7,10.1,18.2,,0.3,0.4,0.7,.193,,-0.3,5.2,4.9,0.3
123,Spencer Dinwiddie,SG,26,BRK,18,513,18.7,.545,.388,.418,0.6,8.2,4.5,32.3,1.2,1.4,11.3,29.4,,1.1,0.3,1.4,.129,,2.2,-2.9,-0.7,0.2
124,Donte DiVincenzo,SG,23,MIL,15,311,13.7,.520,.478,.104,4.9,14.4,9.8,10.4,3.1,0.6,11.1,17.7,,0.2,0.6,0.8,.116,,-0.4,1.3,0.9,0.2
125,,,,,,,,,,,,,,,,,,,,,,,,,,,,
126,Luka Dončić,PG,20,DAL,17,578,32.1,.625,.465,.465,4.6,25.1,15.2,48.1,2.1,0.4,16.2,35.6,,2.8,0.8,3.6,.298,,11.3,2.4,13.7,2.3
127,Damyean Dotson,SG,25,NYK,14,198,9.1,.466,.535,.099,1.0,11.9,6.1,10.3,1.5,1.5,8.6,17.4,,-0.1,0.1,0.0,.004,,-3.0,-2.0,-5.0,-0.2
128,Sekou Doumbouya,SF,19,DET,1,2,-20.3,.000,1.000,.000,0.0,0.0,0.0,0.0,0.0,0.0,0.0,21.7,,0.0,0.0,0.0,-0.535,,-16.0,-7.9,-23.9,0.0
129,Goran Dragić,PG,33,MIA,16,460,15.2,.583,.486,.401,1.1,11.0,6.3,27.1,1.1,0.9,17.8,23.7,,0.6,0.6,1.1,.117,,0.4,-1.4,-1.0,0.1
130,Andre Drummond,C,26,DET,18,618,21.7,.568,.041,.314,14.9,41.5,28.4,15.6,2.2,4.1,20.3,24.6,,0.5,1.2,1.7,.133,,-1.2,4.4,3.2,0.8
131,Jared Dudley,SF,34,LAL,10,72,7.2,.667,.667,.000,0.0,12.2,6.2,10.0,0.7,1.2,10.0,5.9,,0.1,0.1,0.2,.119,,-1.9,0.1,-1.7,0.0
132,Kris Dunn,PG,25,CHI,19,381,12.7,.454,.314,.107,2.1,13.1,7.3,23.1,4.6,1.5,10.6,15.4,,0.1,0.7,0.7,.092,,-1.9,2.9,1.0,0.3
133,Carsen Edwards,SG,21,BOS,15,172,8.8,.453,.588,.162,3.0,13.0,8.0,11.6,1.1,1.1,8.8,19.7,,-0.1,0.2,0.1,.038,,-2.6,-1.1,-3.7,-0.1
134,Henry Ellenson,PF,23,BRK,1,3,0.0,,,,0.0,0.0,0.0,0.0,0.0,0.0,,0.0,,0.0,0.0,0.0,-0.007,,-6.3,0.0,-6.2,0.0
135,Wayne Ellington,SG,32,NYK,14,213,6.8,.502,.900,.086,0.0,12.6,6.0,9.2,0.5,0.9,12.1,16.5,,-0.1,0.0,0.0,-0.007,,-2.1,-3.3,-5.4,-0.2
136,Joel Embiid,C,25,PHI,14,413,24.5,.566,.250,.469,10.7,34.2,22.7,15.6,1.4,3.9,13.5,32.1,,0.7,0.9,1.6,.190,,0.8,2.2,3.0,0.5
137,James Ennis,SF,29,PHI,18,286,15.3,.628,.400,.282,9.5,14.1,11.8,6.0,1.3,1.2,11.2,15.9,,0.6,0.4,1.0,.166,,1.1,-0.4,0.7,0.2
138,Drew Eubanks,PF,22,SAS,1,2,-27.9,.000,.000,.000,100.0,54.7,80.1,0.0,0.0,0.0,33.3,63.2,,0.0,0.0,0.0,-1.117,,-40.6,-24.2,-64.8,0.0
139,Jacob Evans,SG,22,GSW,3,43,12.7,.654,.667,.333,2.5,10.0,6.2,6.7,0.0,0.0,6.8,14.4,,0.1,0.0,0.1,.098,,0.5,-5.0,-4.5,0.0
140,Dante Exum,SG,24,UTA,5,36,2.6,.286,.143,.000,3.2,8.6,6.0,15.3,1.3,2.3,22.2,10.9,,-0.1,0.1,0.0,-0.026,,-7.1,2.2,-4.9,0.0
141,Tacko Fall,C,24,BOS,1,4,7.9,.500,.000,.000,0.0,76.5,38.4,0.0,0.0,0.0,20.0,53.1,,0.0,0.0,0.0,-0.221,,-24.8,-14.3,-39.1,0.0
142,Derrick Favors,C,28,NOP,9,189,19.5,.618,.034,.103,16.7,28.5,22.4,14.7,1.2,1.8,18.8,16.0,,0.4,0.1,0.5,.139,,1.1,1.0,2.1,0.2
143,Terrance Ferguson,SF,21,OKC,16,412,7.1,.594,.684,.092,3.0,5.2,4.1,5.8,1.1,1.2,11.2,9.5,,0.3,0.2,0.5,.064,,-0.3,0.0,-0.3,0.2
144,Bruno Fernando,C,21,ATL,18,230,13.6,.586,.210,.323,10.1,15.9,13.0,12.8,1.0,3.2,19.4,15.8,,0.2,0.1,0.3,.061,,-1.0,-0.4,-1.4,0.0
145,Yogi Ferrell,PG,26,SAC,13,164,10.7,.520,.365,.288,2.7,12.2,7.4,17.2,0.6,0.6,14.6,18.2,,0.1,0.1,0.1,.040,,-2.3,-2.2,-4.5,-0.1
146,,,,,,,,,,,,,,,,,,,,,,,,,,,,
147,Dorian Finney-Smith,PF,26,DAL,17,453,12.5,.588,.517,.259,7.3,13.3,10.4,5.0,1.2,1.1,11.6,13.6,,0.6,0.4,1.0,.106,,0.7,-0.2,0.5,0.3
148,Bryn Forbes,SG,26,SAS,19,517,12.4,.535,.614,.149,1.4,9.3,5.3,10.0,0.9,0.0,5.4,19.7,,0.6,0.0,0.6,.055,,1.5,-3.9,-2.4,0.0
149,Evan Fournier,SG,27,ORL,17,515,18.2,.601,.423,.256,0.4,10.3,5.1,19.0,1.6,0.5,11.5,24.8,,0.9,0.5,1.4,.134,,2.7,-1.5,1.2,0.4
150,De'Aaron Fox,PG,22,SAC,9,288,15.6,.528,.234,.484,1.9,12.7,7.2,35.8,1.2,1.6,19.2,29.1,,0.1,0.2,0.2,.042,,-0.7,-1.2,-1.9,0.0
151,Melvin Frazier,SG,23,ORL,2,8,-0.9,.200,.200,.000,12.6,0.0,6.6,18.9,0.0,0.0,0.0,27.1,,0.0,0.0,0.0,-0.253,,-8.8,-4.8,-13.6,0.0
152,Tim Frazier,PG,29,DET,10,124,5.9,.340,.342,.368,2.8,5.5,4.2,32.6,3.1,0.7,21.4,19.7,,-0.3,0.1,-0.1,-0.053,,-5.9,-2.0,-7.9,-0.2
153,Markelle Fultz,PG,21,ORL,17,419,15.9,.554,.206,.200,1.9,7.9,4.8,24.0,2.7,0.4,13.4,20.8,,0.4,0.5,0.9,.107,,-0.1,-0.3,-0.4,0.2
154,Wenyen Gabriel,PF,22,SAC,7,47,8.5,.401,.500,.563,9.6,10.0,9.8,9.2,2.1,3.9,13.1,21.3,,-0.1,0.0,0.0,-0.029,,-3.8,0.0,-3.7,0.0
155,Daniel Gafford,C,21,CHI,10,100,15.9,.623,.000,.462,10.8,10.8,10.8,1.6,0.0,5.6,3.1,13.3,,0.2,0.1,0.3,.152,,-1.8,-0.2,-2.0,0.0
156,Danilo Gallinari,PF,31,OKC,17,509,19.2,.623,.540,.417,1.7,16.5,9.3,10.5,1.0,0.2,8.4,23.5,,1.4,0.4,1.8,.166,,3.2,-2.1,1.1,0.4
157,Langston Galloway,SG,28,DET,18,505,14.1,.614,.637,.274,1.4,6.9,4.2,9.6,0.9,1.1,7.4,17.5,,1.0,0.2,1.2,.117,,2.2,-2.5,-0.3,0.2
158,Darius Garland,PG,20,CLE,18,500,6.3,.464,.403,.126,0.8,5.3,3.0,16.4,1.5,0.0,19.6,21.4,,-0.9,0.1,-0.8,-0.081,,-4.2,-2.8,-6.9,-0.6
159,Marc Gasol,C,35,TOR,17,483,8.0,.444,.510,.163,2.7,19.9,11.9,15.7,0.9,3.1,17.7,12.0,,-0.1,0.9,0.8,.076,,-2.9,3.8,0.9,0.4
160,Rudy Gay,PF,33,SAS,19,434,17.7,.588,.377,.263,6.3,22.7,14.3,12.9,0.7,1.9,13.5,20.9,,0.7,0.2,0.9,.099,,1.1,-1.2,-0.2,0.2
161,Paul George,SF,29,LAC,8,233,25.5,.630,.599,.336,2.2,18.1,10.4,23.2,2.8,1.2,16.0,32.9,,0.6,0.4,1.1,.219,,6.1,0.8,6.9,0.5
162,Taj Gibson,C,34,NYK,16,253,16.3,.579,.069,.181,13.1,17.3,15.1,12.2,1.6,0.4,12.4,14.9,,0.5,0.1,0.7,.125,,0.5,-0.5,0.0,0.1
163,Harry Giles,PF,21,SAC,7,52,9.8,.464,.000,.080,6.5,9.0,7.7,16.3,1.9,5.3,16.2,25.9,,-0.1,0.1,0.0,-0.028,,-5.7,0.9,-4.9,0.0
164,Shai Gilgeous-Alexander,SG,21,OKC,17,586,15.8,.540,.242,.260,2.6,13.1,8.0,15.3,1.2,1.4,10.9,24.8,,0.4,0.5,0.9,.071,,-0.9,-0.6,-1.4,0.1
165,Rudy Gobert,C,27,UTA,16,553,19.0,.673,.000,.788,10.5,32.2,21.9,4.5,1.4,5.0,19.3,15.5,,1.0,1.3,2.3,.203,,-1.3,4.6,3.3,0.7
166,Aaron Gordon,PF,24,ORL,14,426,14.1,.509,.333,.296,5.5,16.7,10.8,14.9,1.0,1.5,9.6,20.2,,0.3,0.5,0.8,.090,,-0.7,0.5,-0.2,0.2
167,,,,,,,,,,,,,,,,,,,,,,,,,,,,
168,Eric Gordon,SG,31,HOU,9,265,3.5,.422,.673,.127,1.2,5.4,3.3,3.7,0.9,0.6,9.4,19.6,,-0.5,0.1,-0.4,-0.068,,-4.7,-3.2,-7.9,-0.4
169,Devonte' Graham,PG,24,CHO,19,632,16.9,.565,.578,.274,2.7,9.8,6.1,36.0,0.9,0.4,17.2,24.9,,1.0,0.0,1.1,.081,,3.2,-3.5,-0.3,0.3
170,Treveon Graham,SG,26,MIN,17,417,6.1,.418,.458,.150,4.4,11.4,7.9,7.2,1.3,0.4,7.9,13.6,,-0.2,0.3,0.1,.014,,-3.7,-0.2,-3.9,-0.2
171,Jerami Grant,PF,25,DEN,16,350,11.8,.516,.391,.258,3.0,14.3,8.6,7.1,0.8,2.4,7.8,18.8,,0.1,0.5,0.7,.090,,-2.2,0.3,-1.9,0.0
172,Josh Gray,PG,26,NOP,2,23,-4.9,.500,.000,.000,4.4,4.8,4.6,10.5,0.0,0.0,71.4,12.3,,-0.1,0.0,-0.1,-0.244,,-10.7,-2.2,-12.9,-0.1
173,Danny Green,SG,32,LAL,18,459,11.5,.594,.691,.089,3.2,11.7,7.5,6.3,2.4,1.9,13.5,13.8,,0.3,0.8,1.1,.116,,0.2,1.6,1.8,0.4
174,Draymond Green,PF,29,GSW,11,320,12.8,.474,.344,.233,2.0,24.6,13.2,27.7,2.2,1.9,18.1,15.9,,0.0,0.3,0.3,.038,,-2.5,1.4,-1.1,0.1
175,JaMychal Green,PF,29,LAC,19,430,11.1,.549,.669,.140,6.8,24.8,16.0,2.8,1.3,1.5,12.9,14.0,,0.3,0.7,1.0,.113,,-1.5,0.5,-1.0,0.1
176,Javonte Green,SF,26,BOS,11,72,14.3,.563,.286,.179,2.9,11.3,7.1,6.7,2.7,0.0,6.2,19.0,,0.1,0.1,0.2,.120,,-1.1,-0.8,-1.8,0.0
177,Jeff Green,PF,33,UTA,18,347,8.8,.514,.558,.407,2.3,13.0,8.0,5.2,1.0,2.4,14.2,19.5,,-0.2,0.5,0.3,.042,,-3.2,0.5,-2.7,-0.1
178,Blake Griffin,PF,30,DET,6,178,17.8,.552,.391,.435,5.9,14.6,10.3,19.2,0.5,0.9,14.1,31.2,,0.2,0.1,0.3,.074,,0.8,-3.1,-2.3,0.0
179,Marko Guduric,SG,24,MEM,17,272,7.9,.474,.462,.099,3.5,9.9,6.7,13.3,1.0,1.3,15.9,17.2,,-0.2,0.0,-0.2,-0.027,,-3.1,-2.1,-5.2,-0.2
180,Rui Hachimura,PF,21,WAS,16,429,13.5,.520,.153,.136,6.5,15.1,10.7,7.5,1.3,0.6,7.0,19.2,,0.4,0.0,0.4,.048,,-1.3,-2.0,-3.3,-0.1
181,Devon Hall,SG,24,OKC,2,15,5.6,.434,.500,1.000,0.0,7.1,3.6,18.2,0.0,0.0,14.8,19.8,,0.0,0.0,0.0,-0.042,,-5.5,-4.6,-10.1,0.0
182,Tim Hardaway,SG,27,DAL,17,396,14.2,.547,.593,.227,1.3,7.3,4.4,12.0,0.8,0.4,3.6,20.8,,0.8,0.2,1.0,.116,,1.8,-3.3,-1.6,0.0
183,James Harden,SG,30,HOU,18,669,30.3,.625,.580,.580,2.6,14.1,8.4,38.1,2.0,1.2,14.9,38.7,,3.1,0.7,3.7,.268,,10.7,-0.6,10.1,2.1
184,Maurice Harkless,SF,26,LAC,19,417,9.1,.548,.299,.207,4.3,10.1,7.3,7.0,2.1,3.0,16.7,11.2,,0.1,0.6,0.8,.089,,-1.7,3.4,1.6,0.4
185,Jared Harper,PG,22,PHO,1,2,-19.6,.000,1.000,.000,0.0,0.0,0.0,0.0,0.0,0.0,0.0,21.3,,0.0,0.0,0.0,-0.530,,-15.9,-6.9,-22.8,0.0
186,Montrezl Harrell,C,26,LAC,19,572,24.1,.616,.020,.367,10.4,15.5,13.0,13.5,1.4,3.8,11.3,23.5,,1.7,0.9,2.6,.219,,2.5,2.6,5.1,1.0
187,Gary Harris,SG,25,DEN,16,511,8.8,.494,.404,.147,1.4,9.6,5.5,7.9,1.8,0.7,8.8,15.2,,0.0,0.8,0.8,.071,,-2.2,1.2,-1.0,0.1
188,,,,,,,,,,,,,,,,,,,,,,,,,,,,
189,Joe Harris,SF,28,BRK,18,572,12.9,.613,.565,.090,3.0,9.5,6.3,8.1,1.1,1.0,11.1,16.9,,0.8,0.3,1.1,.090,,1.1,-1.2,-0.1,0.3
190,Tobias Harris,PF,27,PHI,18,612,16.8,.563,.306,.229,2.4,21.1,12.0,15.1,1.6,1.8,11.0,22.1,,0.7,1.0,1.8,.140,,0.1,1.5,1.6,0.6
191,Shaquille Harrison,SF,26,CHI,12,117,13.8,.458,.209,.326,4.2,20.4,11.9,22.1,2.0,3.2,9.2,19.1,,0.0,0.2,0.2,.080,,-3.1,1.9,-1.2,0.0
192,Josh Hart,SF,24,NOP,11,303,15.2,.611,.636,.263,5.4,19.9,12.4,6.8,2.1,1.1,12.0,16.8,,0.5,0.2,0.7,.108,,1.5,-0.8,0.7,0.2
193,Isaiah Hartenstein,C,21,HOU,6,73,15.0,.860,.000,.900,7.0,20.9,14.0,3.8,0.6,3.5,22.3,10.0,,0.2,0.1,0.3,.177,,-1.6,0.6,-1.0,0.0
194,Udonis Haslem,PF,39,MIA,2,11,16.0,.906,.000,4.000,0.0,29.3,15.6,0.0,0.0,0.0,0.0,10.8,,0.1,0.0,0.1,.308,,-1.9,-5.0,-6.9,0.0
195,Jaxson Hayes,C,19,NOP,15,290,16.0,.635,.026,.553,9.5,12.9,11.1,5.3,1.7,4.4,13.7,15.3,,0.6,0.2,0.7,.122,,-0.3,0.9,0.6,0.2
196,Gordon Hayward,SF,29,BOS,8,249,22.1,.638,.273,.173,2.5,20.9,11.7,22.7,1.2,0.8,11.2,22.7,,0.7,0.4,1.1,.206,,3.2,0.7,3.9,0.4
197,John Henson,PF,29,CLE,1,8,26.6,.323,.500,3.000,26.4,13.7,20.2,0.0,12.1,21.1,17.7,30.1,,0.0,0.0,0.0,-0.040,,-6.1,12.3,6.1,0.0
198,Dewan Hernandez,C,23,TOR,2,8,4.8,.500,.500,.000,0.0,48.1,25.6,0.0,5.9,0.0,33.3,16.1,,0.0,0.0,0.0,.035,,-11.5,0.5,-11.0,0.0
199,Juan Hernangómez,PF,24,DEN,9,122,7.8,.585,.654,.192,3.4,15.7,9.5,6.6,0.0,1.5,19.9,12.3,,0.0,0.2,0.2,.061,,-3.0,0.1,-3.0,0.0
200,Willy Hernangómez,C,25,CHO,6,48,13.9,.484,.235,.353,11.0,17.0,13.9,6.3,1.0,5.5,13.3,20.3,,0.0,0.0,0.0,.020,,-4.3,-0.2,-4.5,0.0
201,Tyler Herro,SG,20,MIA,16,478,12.5,.569,.460,.233,1.5,13.7,8.0,12.1,1.3,0.4,15.1,22.1,,0.1,0.6,0.8,.078,,-1.5,-0.8,-2.3,0.0
202,Mario Hezonja,PF,24,POR,18,328,7.8,.478,.349,.277,3.4,22.0,12.8,7.1,1.7,0.5,16.2,14.1,,-0.2,0.3,0.2,.024,,-3.9,0.5,-3.4,-0.1
203,Buddy Hield,SG,27,SAC,17,561,14.5,.556,.576,.121,3.0,12.8,7.8,12.3,1.1,1.2,13.8,28.2,,0.1,0.3,0.4,.034,,1.2,-2.4,-1.2,0.1
204,George Hill,PG,33,MIL,16,359,17.1,.654,.480,.280,4.8,9.0,7.0,18.1,1.5,0.5,8.9,14.0,,1.2,0.5,1.6,.217,,3.4,-0.3,3.1,0.5
205,Solomon Hill,SF,28,MEM,15,265,10.4,.562,.585,.215,3.2,15.4,9.3,12.3,1.9,0.3,15.4,13.1,,0.2,0.1,0.3,.051,,-0.8,-0.8,-1.5,0.0
206,Jaylen Hoard,SF,20,POR,3,11,16.6,.500,.000,.000,9.3,27.4,18.4,11.7,4.2,0.0,0.0,7.6,,0.0,0.0,0.0,.182,,-0.4,3.5,3.1,0.0
207,Aaron Holiday,PG,23,IND,15,341,13.5,.509,.418,.071,2.9,10.8,6.8,21.0,2.3,0.3,13.7,21.2,,0.1,0.5,0.6,.089,,-0.2,0.1,-0.1,0.2
208,Jrue Holiday,SG,29,NOP,16,574,16.9,.517,.312,.161,3.2,12.4,7.6,30.8,2.7,1.6,16.3,25.2,,0.4,0.3,0.7,.060,,0.7,0.0,0.7,0.4
209,,,,,,,,,,,,,,,,,,,,,,,,,,,,
210,Justin Holiday,SG,30,IND,17,425,11.2,.541,.645,.209,2.0,14.5,8.3,8.9,1.4,2.1,7.7,13.1,,0.4,0.6,1.1,.122,,-0.1,1.7,1.5,0.4
211,Rondae Hollis-Jefferson,SF,25,TOR,10,224,18.9,.600,.028,.394,14.1,14.6,14.4,10.7,1.7,1.2,12.6,18.2,,0.6,0.4,1.0,.204,,1.4,1.6,3.0,0.3
212,Richaun Holmes,C,26,SAC,17,457,19.4,.675,.000,.295,10.1,25.0,17.3,4.9,1.4,5.2,11.6,14.9,,1.2,0.6,1.8,.186,,0.2,2.4,2.7,0.5
213,Rodney Hood,SF,27,POR,17,512,13.5,.648,.417,.174,1.8,10.6,6.2,6.8,1.4,0.6,9.9,14.0,,0.9,0.2,1.2,.111,,1.4,-0.5,0.9,0.4
214,Al Horford,C,33,PHI,17,530,18.5,.539,.321,.156,7.0,18.5,12.9,19.9,1.5,2.6,8.1,19.7,,1.0,0.9,1.9,.172,,1.8,2.2,4.0,0.8
215,Danuel House,SF,26,HOU,14,416,15.7,.661,.698,.293,3.9,11.7,7.8,5.5,2.0,2.1,9.0,14.0,,1.0,0.4,1.4,.157,,2.1,0.5,2.5,0.5
216,Dwight Howard,C,34,LAL,18,366,17.2,.725,.000,.692,11.9,27.2,19.7,5.5,0.8,6.3,18.3,12.1,,0.9,0.8,1.6,.214,,-0.6,3.8,3.2,0.5
217,Kevin Huerter,SG,21,ATL,10,225,12.3,.570,.587,.200,3.0,14.2,8.6,18.2,1.2,1.2,17.2,18.1,,0.2,0.0,0.2,.044,,0.1,-2.3,-2.2,0.0
218,De'Andre Hunter,SF,22,ATL,18,563,8.3,.512,.415,.223,1.8,12.8,7.3,8.2,0.9,0.8,13.1,17.9,,-0.2,0.0,-0.2,-0.013,,-2.5,-2.5,-5.0,-0.4
219,Chandler Hutchison,SF,23,CHI,9,154,11.0,.564,.273,.659,0.6,22.5,11.1,7.7,1.5,1.2,17.5,18.4,,0.0,0.2,0.2,.050,,-5.1,0.0,-5.1,-0.1
220,Serge Ibaka,C,30,TOR,8,183,18.3,.595,.190,.274,4.2,23.6,14.5,5.4,1.3,4.9,15.3,26.0,,0.1,0.4,0.5,.122,,-3.4,1.4,-2.0,0.0
221,Ersan İlyasova,PF,32,MIL,16,257,15.6,.574,.513,.250,7.9,22.2,15.3,4.7,1.4,2.0,5.3,14.9,,0.5,0.5,1.0,.185,,0.2,0.2,0.4,0.2
222,Joe Ingles,SF,32,UTA,18,496,8.5,.493,.672,.164,1.2,15.1,8.5,18.0,1.4,0.3,16.6,13.8,,0.0,0.7,0.7,.069,,-1.4,1.6,0.2,0.3
223,Brandon Ingram,PF,22,NOP,14,468,22.2,.594,.317,.313,2.8,21.1,11.6,20.0,1.1,2.6,12.4,30.2,,1.0,0.2,1.2,.127,,2.6,-0.9,1.8,0.4
224,Kyrie Irving,PG,27,BRK,11,372,26.1,.561,.361,.250,2.8,13.6,8.3,39.9,1.5,1.3,8.5,34.0,,1.3,0.3,1.6,.202,,7.3,-0.8,6.4,0.8
225,Jonathan Isaac,SF,22,ORL,15,458,19.8,.576,.371,.208,5.5,19.9,12.4,8.4,2.5,8.0,10.3,18.3,,0.6,1.0,1.6,.167,,-0.1,5.6,5.5,0.9
226,Wesley Iwundu,SF,25,ORL,9,132,6.1,.394,.290,.516,2.3,14.3,8.0,7.3,1.5,1.4,9.5,13.8,,-0.1,0.2,0.0,.009,,-6.1,0.7,-5.4,-0.1
227,Frank Jackson,PG,21,NOP,17,277,10.0,.510,.476,.238,1.8,8.3,5.0,9.8,1.3,0.3,10.9,22.9,,0.0,0.0,0.0,.000,,-2.0,-4.0,-6.0,-0.3
228,Jaren Jackson,C,20,MEM,16,425,14.9,.587,.417,.219,5.8,14.9,10.3,6.8,0.9,2.9,12.5,23.4,,0.4,0.2,0.5,.062,,0.4,-2.0,-1.7,0.0
229,Justin Jackson,PF,24,DAL,16,209,14.8,.614,.507,.147,3.6,15.8,9.9,4.1,0.5,0.8,4.8,16.9,,0.4,0.1,0.6,.134,,0.6,-2.7,-2.2,0.0
230,,,,,,,,,,,,,,,,,,,,,,,,,,,,
231,Reggie Jackson,PG,29,DET,2,36,11.0,.437,.455,.091,3.2,12.6,8.0,32.0,0.0,0.0,8.0,15.0,,0.0,0.0,0.1,.071,,-1.3,-3.8,-5.1,0.0
232,Justin James,SG,23,SAC,8,97,10.3,.491,.313,.188,0.0,12.1,5.9,9.5,1.0,3.8,5.5,16.5,,0.0,0.1,0.1,.030,,-3.6,-0.3,-3.9,0.0
233,LeBron James,PG,35,LAL,18,636,27.6,.572,.287,.301,3.3,19.3,11.4,51.5,1.7,1.5,13.6,31.6,,2.2,1.1,3.3,.249,,7.1,2.1,9.2,1.8
234,Amile Jefferson,PF,26,ORL,3,9,39.5,1.000,.000,.000,22.5,12.3,17.6,49.0,0.0,0.0,25.0,19.3,,0.1,0.0,0.1,.393,,13.3,-1.5,11.8,0.0
235,DaQuan Jeffries,SG,22,SAC,2,11,12.8,1.000,.000,.000,10.2,0.0,5.2,12.8,0.0,0.0,0.0,4.0,,0.0,0.0,0.0,.167,,2.9,-3.0,-0.1,0.0
236,Alize Johnson,SF,23,IND,7,36,15.0,.509,.000,.364,18.1,18.0,18.1,7.4,0.0,0.0,7.3,16.4,,0.1,0.0,0.1,.158,,-0.9,-1.7,-2.6,0.0
237,Cameron Johnson,PF,23,PHO,15,293,14.2,.606,.676,.157,4.1,11.9,7.9,5.5,1.4,1.5,8.0,18.2,,0.4,0.3,0.7,.112,,1.7,-1.3,0.4,0.2
238,James Johnson,PF,32,MIA,6,68,9.3,.506,.500,.222,3.6,14.2,9.2,8.5,2.1,2.9,16.8,15.0,,0.0,0.1,0.1,.058,,-3.7,1.6,-2.1,0.0
239,Keldon Johnson,SF,20,SAS,1,2,-19.9,.000,.000,.000,0.0,0.0,0.0,0.0,0.0,0.0,0.0,21.1,,0.0,0.0,0.0,-0.535,,-20.6,-6.9,-27.5,0.0
240,Stanley Johnson,PF,23,TOR,5,19,-3.4,.389,.444,.000,11.5,25.3,18.8,0.0,2.5,0.0,30.8,29.3,,-0.1,0.0,-0.1,-0.218,,-14.5,-5.1,-19.5,-0.1
241,Tyler Johnson,SG,27,PHO,17,345,9.2,.511,.505,.229,1.6,9.4,5.4,16.4,0.8,1.5,13.5,16.5,,0.1,0.2,0.3,.039,,-1.9,-1.0,-2.9,-0.1
242,Nikola Jokić,C,24,DEN,16,490,20.5,.531,.293,.182,7.2,28.7,17.8,31.3,1.9,1.5,14.4,24.7,,0.7,1.1,1.8,.172,,2.3,3.9,6.2,1.0
243,Damian Jones,C,24,ATL,17,308,16.8,.723,.058,.391,9.3,12.6,11.0,6.3,1.4,4.8,12.0,12.3,,0.8,0.1,1.0,.151,,1.3,0.7,2.0,0.3
244,Derrick Jones,SF,22,MIA,4,57,16.1,.657,.200,.150,6.4,9.4,8.0,5.8,2.5,0.0,8.6,17.6,,0.1,0.1,0.2,.184,,0.6,-1.0,-0.3,0.0
245,Tyus Jones,PG,23,MEM,17,330,10.5,.432,.252,.189,0.0,6.8,3.4,33.1,2.1,0.0,15.5,17.8,,-0.1,0.1,0.0,-0.002,,-3.6,-3.9,-7.4,-0.5
246,DeAndre Jordan,C,31,BRK,15,319,20.4,.676,.000,.478,10.9,33.6,22.4,14.1,0.9,4.2,15.2,12.8,,0.9,0.5,1.4,.211,,-0.1,3.5,3.4,0.4
247,Cory Joseph,PG,28,SAC,17,403,8.9,.426,.240,.115,3.1,9.9,6.4,23.1,1.5,2.3,16.8,14.2,,-0.1,0.3,0.2,.022,,-3.4,0.4,-3.0,-0.1
248,Mfiondu Kabengele,C,22,LAC,4,14,35.4,.945,.833,.333,0.0,21.5,11.0,0.0,0.0,6.5,0.0,20.1,,0.1,0.0,0.1,.430,,9.7,-3.7,6.1,0.0
249,Frank Kaminsky,C,26,PHO,17,400,11.7,.515,.443,.393,3.8,21.3,12.4,12.4,0.6,1.5,10.9,19.6,,0.2,0.4,0.5,.063,,-1.8,-0.2,-2.0,0.0
250,Enes Kanter,C,27,BOS,10,160,23.7,.617,.022,.609,16.1,22.9,19.5,11.4,2.7,2.4,13.4,17.9,,0.5,0.3,0.8,.249,,1.6,3.2,4.8,0.3
251,,,,,,,,,,,,,,,,,,,,,,,,,,,,
252,Luke Kennard,SG,23,DET,18,611,15.1,.583,.518,.268,0.8,11.5,6.2,20.1,0.7,0.4,9.3,20.0,,1.3,0.3,1.5,.122,,2.3,-2.4,-0.2,0.3
253,Stanton Kidd,SF,27,UTA,4,15,-13.6,.000,.333,.000,0.0,20.6,10.8,8.5,0.0,0.0,40.0,14.5,,-0.1,0.0,-0.1,-0.310,,-16.3,1.1,-15.2,-0.1
254,Michael Kidd-Gilchrist,PF,26,CHO,2,18,0.4,.322,.300,.200,5.9,32.4,18.5,8.0,0.0,0.0,8.4,28.5,,-0.1,0.0,-0.1,-0.184,,-11.6,-5.4,-17.0,-0.1
255,Maxi Kleber,C,28,DAL,16,409,11.8,.572,.644,.173,6.0,16.9,11.6,5.5,0.5,2.6,9.7,12.7,,0.6,0.3,0.9,.107,,0.2,0.3,0.4,0.2
256,Brandon Knight,PG,28,CLE,6,76,9.5,.489,.813,.125,1.4,8.7,5.0,24.6,1.3,0.0,15.1,22.3,,0.0,0.0,0.0,-0.004,,0.2,-4.1,-4.0,0.0
257,Kevin Knox,SF,20,NYK,18,357,11.7,.520,.538,.359,2.5,13.5,7.7,11.2,1.4,1.1,8.8,17.6,,0.3,0.1,0.4,.060,,-0.8,-1.8,-2.7,-0.1
258,John Konchar,SG,23,MEM,1,7,0.0,,,,0.0,0.0,0.0,0.0,0.0,0.0,,0.0,,0.0,0.0,0.0,-0.026,,-5.8,-0.7,-6.5,0.0
259,Furkan Korkmaz,SG,22,PHI,17,382,9.6,.568,.625,.117,1.2,9.7,5.5,5.2,0.5,1.1,9.4,16.5,,0.2,0.4,0.6,.081,,-0.9,-1.7,-2.6,-0.1
260,Luke Kornet,C,24,CHI,11,126,9.3,.433,.545,.114,3.9,12.9,8.2,7.0,0.7,6.7,6.1,16.1,,-0.1,0.1,0.1,.029,,-4.4,1.5,-2.9,0.0
261,Kyle Korver,SF,38,MIL,15,217,8.9,.560,.827,.107,2.8,6.6,4.8,1.8,1.0,1.6,13.3,17.0,,0.0,0.3,0.2,.055,,-1.2,-2.0,-3.1,-0.1
262,Rodions Kurucs,PF,21,BRK,10,99,1.3,.449,.304,.261,5.3,17.7,11.6,1.4,2.3,0.0,31.9,15.7,,-0.3,0.1,-0.2,-0.098,,-9.0,-1.0,-10.0,-0.2
263,Kyle Kuzma,PF,24,LAL,14,322,12.1,.586,.511,.200,2.1,15.6,8.9,5.0,0.3,1.4,14.0,22.7,,0.1,0.4,0.5,.072,,-1.9,-2.4,-4.2,-0.2
264,Skal Labissière,C,23,POR,19,317,17.3,.603,.064,.234,13.3,17.4,15.4,9.5,0.6,5.5,17.5,16.5,,0.6,0.3,0.9,.132,,-0.2,2.1,2.0,0.3
265,Jeremy Lamb,SG,27,IND,8,256,18.0,.560,.318,.236,2.6,18.1,10.4,12.4,1.7,2.1,7.6,22.0,,0.4,0.4,0.9,.165,,0.7,1.2,1.9,0.3
266,Romeo Langford,SG,20,BOS,1,0,,,,,,,,,,,,,,0.0,0.0,0.0,,,-6.1,1.0,-5.1,0.0
267,Zach LaVine,SG,24,CHI,19,604,17.4,.557,.402,.234,2.4,11.0,6.5,22.0,1.9,1.5,14.8,29.9,,0.3,0.6,0.9,.068,,1.5,-0.9,0.5,0.4
268,Jake Layman,PF,25,MIN,14,369,10.3,.539,.409,.076,3.3,7.9,5.6,4.4,1.5,2.1,11.7,17.0,,0.0,0.3,0.3,.041,,-2.5,-0.2,-2.7,-0.1
269,T.J. Leaf,PF,22,IND,15,158,16.6,.504,.190,.138,13.8,25.3,19.6,5.2,2.1,1.7,8.9,18.3,,0.2,0.3,0.5,.145,,-1.8,0.7,-1.1,0.0
270,Courtney Lee,SG,34,DAL,5,47,17.9,.706,.412,.000,0.0,4.3,2.2,9.7,0.0,3.5,0.0,15.2,,0.2,0.0,0.2,.184,,2.5,-2.7,-0.2,0.0
271,Damion Lee,SG,27,GSW,11,241,12.7,.521,.385,.363,3.9,15.2,9.5,12.5,1.6,0.0,11.0,20.7,,0.1,0.1,0.2,.040,,-1.4,-2.7,-4.1,-0.1
272,,,,,,,,,,,,,,,,,,,,,,,,,,,,
273,Alex Len,C,26,ATL,17,273,11.8,.495,.298,.405,8.9,20.7,14.8,8.4,0.9,5.4,15.4,17.7,,0.0,0.2,0.1,.022,,-3.4,0.3,-3.0,-0.1
274,Kawhi Leonard,SF,28,LAC,13,414,24.9,.544,.268,.338,3.5,21.9,12.9,29.8,2.9,2.4,13.2,35.2,,0.6,0.9,1.5,.176,,2.9,3.4,6.3,0.9
275,Meyers Leonard,PF,27,MIA,17,324,11.5,.690,.392,.108,1.9,21.9,12.5,6.4,0.9,2.4,16.2,12.3,,0.3,0.5,0.8,.125,,-1.7,1.4,-0.3,0.1
276,Caris LeVert,SG,25,BRK,9,284,11.0,.491,.257,.221,3.7,12.7,8.3,20.3,1.0,0.3,16.8,26.9,,-0.3,0.2,-0.2,-0.026,,-3.5,-1.9,-5.3,-0.2
277,Damian Lillard,PG,29,POR,17,629,25.6,.609,.466,.398,1.8,11.7,6.8,31.2,1.4,1.2,10.8,28.2,,2.6,0.3,2.9,.224,,7.5,-1.4,6.1,1.3
278,Nassir Little,PF,19,POR,12,196,10.3,.484,.407,.333,8.4,16.9,12.7,4.1,1.2,1.7,8.8,14.4,,0.1,0.1,0.2,.061,,-2.0,-0.6,-2.6,0.0
279,Kevon Looney,C,23,GSW,1,10,18.6,.375,.250,.000,52.9,43.2,48.1,14.1,0.0,0.0,20.0,21.0,,0.0,0.0,0.0,.110,,1.8,-2.9,-1.1,0.0
280,Brook Lopez,C,31,MIL,18,487,14.4,.549,.588,.250,2.3,14.8,8.8,7.3,1.2,8.0,10.1,16.5,,0.4,1.0,1.4,.138,,-1.0,4.0,3.0,0.6
281,Robin Lopez,C,31,MIL,18,241,7.4,.551,.400,.200,6.3,11.8,9.2,4.3,0.6,3.2,24.5,15.8,,-0.2,0.3,0.1,.027,,-4.1,0.4,-3.7,-0.1
282,Kevin Love,PF,31,CLE,15,474,19.1,.613,.520,.480,3.6,35.6,19.3,13.2,1.1,1.1,17.2,23.0,,0.7,0.5,1.2,.120,,0.9,0.2,1.1,0.4
283,Kyle Lowry,PG,33,TOR,8,289,20.0,.662,.602,.372,0.8,10.6,6.0,27.3,1.5,0.9,17.0,23.5,,0.8,0.4,1.2,.205,,4.6,-0.5,4.1,0.4
284,Timothé Luwawu-Cabarrot,SG,24,BRK,2,6,-9.0,.174,.500,1.000,0.0,0.0,0.0,0.0,0.0,0.0,0.0,19.9,,0.0,0.0,0.0,-0.305,,-13.1,-6.5,-19.5,0.0
285,Trey Lyles,PF,24,SAS,19,329,12.1,.584,.532,.145,8.9,30.6,19.5,8.4,0.4,1.3,18.5,10.4,,0.3,0.2,0.5,.074,,-1.0,-0.4,-1.4,0.0
286,Daryl Macon,SG,24,MIA,3,13,-3.0,.500,.667,.000,0.0,0.0,0.0,10.4,0.0,0.0,40.0,16.5,,0.0,0.0,0.0,-0.141,,-9.5,-5.5,-15.0,0.0
287,Josh Magette,PG,30,ORL,2,8,33.5,.400,.000,.000,12.6,13.9,13.2,46.6,12.3,0.0,0.0,27.1,,0.0,0.0,0.0,.253,,6.9,10.0,16.9,0.0
288,Thon Maker,C,22,DET,17,208,10.7,.570,.333,.795,5.6,13.6,9.7,6.1,1.4,4.8,16.0,13.1,,0.1,0.2,0.3,.078,,-2.4,1.5,-0.9,0.1
289,Terance Mann,SG,23,LAC,14,117,9.7,.549,.222,.259,0.9,12.9,7.0,19.5,1.6,0.0,18.9,13.0,,0.1,0.1,0.2,.096,,-2.8,0.1,-2.6,0.0
290,Boban Marjanović,C,31,DAL,8,104,17.9,.544,.021,.250,12.3,24.1,18.4,7.5,0.9,0.8,11.6,24.4,,0.1,0.1,0.3,.120,,-2.7,-2.1,-4.8,-0.1
291,Lauri Markkanen,PF,22,CHI,19,556,11.8,.497,.479,.405,3.2,22.2,12.2,8.9,1.4,1.7,12.7,21.6,,-0.2,0.7,0.5,.042,,-3.2,0.1,-3.1,-0.2
292,Caleb Martin,SF,24,CHO,3,25,-1.1,.242,.333,.333,0.0,18.7,8.9,16.6,1.9,7.1,22.5,23.0,,-0.2,0.0,-0.1,-0.268,,-13.6,2.3,-11.3,-0.1
293,,,,,,,,,,,,,,,,,,,,,,,,,,,,
294,Cody Martin,SF,24,CHO,16,189,10.5,.445,.429,.524,4.5,17.3,10.6,13.2,3.3,0.5,11.9,13.4,,0.0,0.2,0.2,.049,,-2.8,0.9,-1.9,0.0
295,Kelan Martin,SF,24,MIN,8,116,2.9,.398,.545,.000,1.8,20.1,10.9,2.4,0.4,0.7,6.4,16.5,,-0.2,0.1,-0.1,-0.040,,-7.0,-2.7,-9.7,-0.2
296,Garrison Mathews,SG,23,WAS,2,14,-7.1,.000,1.000,.000,0.0,8.0,3.9,15.1,0.0,0.0,33.3,8.8,,-0.1,0.0,-0.1,-0.199,,-9.0,-3.2,-12.2,0.0
297,Wesley Matthews,SG,33,MIL,18,445,9.6,.610,.714,.188,0.5,7.9,4.3,6.6,1.1,0.4,11.7,12.6,,0.4,0.5,0.9,.100,,0.1,-0.7,-0.6,0.2
298,Patrick McCaw,SF,24,TOR,2,40,10.1,.680,.600,.400,5.5,9.6,7.7,9.7,3.6,0.0,33.8,9.5,,0.0,0.1,0.1,.105,,-0.7,2.8,2.1,0.0
299,CJ McCollum,SG,28,POR,19,698,15.9,.518,.331,.109,2.3,9.9,6.2,17.0,1.0,1.8,9.0,26.5,,0.6,0.3,0.9,.058,,0.5,-1.5,-1.0,0.2
300,T.J. McConnell,PG,27,IND,15,270,18.0,.539,.030,.091,3.2,14.8,9.0,38.5,1.8,1.0,18.3,20.0,,0.4,0.4,0.8,.145,,-0.4,0.7,0.2,0.2
301,Jalen McDaniels,PF,22,CHO,1,3,26.8,.500,.000,.000,35.3,0.0,18.5,0.0,0.0,0.0,0.0,28.8,,0.0,0.0,0.0,.124,,1.0,-12.3,-11.4,0.0
302,Doug McDermott,PF,28,IND,17,361,10.1,.554,.481,.076,2.1,12.9,7.5,7.6,0.3,0.5,10.6,18.0,,0.2,0.4,0.6,.076,,-1.1,-1.4,-2.5,0.0
303,JaVale McGee,C,32,LAL,18,299,20.4,.619,.000,.209,12.8,26.7,19.8,6.2,1.6,6.3,12.4,16.2,,0.6,0.7,1.3,.210,,-1.1,3.7,2.6,0.3
304,Rodney McGruder,SG,28,LAC,15,260,6.1,.472,.583,.133,4.4,9.7,7.1,6.0,0.7,1.0,9.9,11.1,,0.0,0.3,0.3,.053,,-2.1,0.3,-1.8,0.0
305,Alfonzo McKinnie,SF,27,CLE,12,141,9.5,.555,.455,.273,3.7,17.9,10.7,3.1,1.7,1.8,14.0,13.0,,0.0,0.1,0.1,.048,,-3.0,-0.3,-3.3,0.0
306,Jordan McLaughlin,PG,23,MIN,4,57,2.9,.346,.533,.133,1.8,10.6,6.2,18.3,0.8,0.0,20.1,14.2,,-0.1,0.0,-0.1,-0.062,,-6.6,-1.7,-8.4,-0.1
307,Ben McLemore,SG,26,HOU,18,362,8.2,.500,.858,.208,2.0,7.6,4.8,5.7,1.5,0.7,7.7,15.9,,0.1,0.2,0.3,.044,,-1.1,-2.0,-3.1,-0.1
308,Jordan McRae,SG,28,WAS,10,169,16.9,.613,.328,.188,1.3,14.5,7.8,20.3,1.4,2.0,12.6,19.2,,0.4,0.0,0.4,.113,,1.1,-1.5,-0.5,0.1
309,Nicolò Melli,C,29,NOP,16,263,13.7,.622,.676,.270,4.7,15.0,9.7,10.7,1.7,1.0,12.7,14.6,,0.5,0.1,0.6,.107,,1.5,-1.1,0.4,0.2
310,De'Anthony Melton,PG,21,MEM,7,57,11.5,.461,.381,.190,1.9,13.2,7.5,21.6,4.9,1.5,20.9,20.9,,-0.1,0.1,0.0,-0.018,,-3.6,1.1,-2.5,0.0
311,Chimezie Metu,PF,22,SAS,6,21,42.1,.581,.000,.333,34.8,20.8,28.0,17.4,0.0,7.9,0.0,27.6,,0.1,0.0,0.2,.362,,9.9,0.6,10.6,0.1
312,Khris Middleton,SF,28,MIL,11,327,17.3,.591,.428,.270,2.5,15.1,9.0,14.3,1.4,0.3,11.9,24.1,,0.6,0.5,1.0,.153,,1.4,-1.0,0.3,0.2
313,C.J. Miles,SG,32,WAS,10,161,11.3,.472,.593,.339,2.7,5.5,4.1,9.0,2.9,2.1,5.6,18.3,,0.1,0.1,0.1,.032,,-0.5,-1.5,-2.0,0.0
314,,,,,,,,,,,,,,,,,,,,,,,,,,,,
315,Malcolm Miller,SF,26,TOR,6,39,15.2,.911,.889,.222,0.0,12.3,6.6,7.4,0.0,0.0,16.8,13.0,,0.1,0.0,0.1,.170,,3.4,-2.2,1.3,0.0
316,Patty Mills,PG,31,SAS,19,429,16.1,.628,.566,.195,1.0,5.4,3.1,13.2,2.0,0.8,11.3,19.1,,0.8,0.1,0.9,.103,,3.0,-3.1,-0.1,0.2
317,Paul Millsap,PF,34,DEN,16,423,20.4,.619,.268,.425,8.3,15.9,12.1,7.5,1.6,2.9,8.1,19.9,,1.3,0.8,2.0,.232,,2.2,1.6,3.8,0.6
318,Shake Milton,SG,23,PHI,8,70,-1.0,.468,.586,.241,1.6,9.3,5.5,8.0,0.7,0.0,27.2,26.7,,-0.3,0.1,-0.2,-0.149,,-8.4,-3.6,-12.0,-0.2
319,Donovan Mitchell,SG,23,UTA,18,625,21.2,.553,.298,.265,3.5,12.0,8.0,20.8,1.8,0.7,8.8,31.8,,1.1,0.9,2.0,.155,,2.9,0.1,2.9,0.8
320,Naz Mitrou-Long,SG,26,IND,3,43,10.6,.438,.688,.000,0.0,15.1,7.6,21.6,1.1,2.0,11.1,17.9,,0.0,0.1,0.0,.048,,-2.3,-0.2,-2.5,0.0
321,Malik Monk,SG,21,CHO,19,399,12.8,.550,.451,.171,1.6,12.6,6.8,17.5,0.8,0.9,13.7,22.1,,0.2,0.1,0.3,.031,,-0.9,-2.8,-3.8,-0.2
322,E'Twaun Moore,SG,30,NOP,13,277,12.8,.519,.363,.129,4.8,10.7,7.6,11.2,0.8,0.3,5.8,20.4,,0.3,0.0,0.3,.051,,-0.2,-3.4,-3.6,-0.1
323,Ja Morant,PG,20,MEM,16,457,19.7,.544,.139,.335,3.7,8.2,6.0,37.0,2.2,1.0,16.6,30.5,,0.5,0.2,0.6,.065,,1.5,-2.0,-0.5,0.2
324,Juwan Morgan,PF,22,UTA,1,3,-1.4,,,,0.0,34.3,18.0,0.0,0.0,0.0,,0.0,,0.0,0.0,0.0,.083,,-9.2,0.2,-8.9,0.0
325,Marcus Morris,SF,30,NYK,18,594,16.3,.572,.385,.315,3.7,16.6,9.8,6.8,1.5,1.8,10.7,23.4,,0.9,0.3,1.2,.097,,0.4,-1.8,-1.4,0.1
326,Markieff Morris,PF,30,DET,18,419,11.8,.574,.461,.195,2.2,16.5,9.4,10.5,1.4,0.8,15.6,20.6,,0.1,0.3,0.4,.047,,-1.2,-1.3,-2.5,-0.1
327,Monte Morris,PG,24,DEN,16,277,14.9,.484,.157,.185,1.5,10.0,5.7,30.0,1.1,1.0,7.9,19.5,,0.3,0.4,0.7,.120,,-1.4,-0.9,-2.3,0.0
328,Johnathan Motley,PF,24,LAC,2,4,11.5,.500,.333,.000,26.2,25.1,25.7,82.6,0.0,0.0,40.0,51.1,,0.0,0.0,0.0,-0.134,,2.4,5.1,7.5,0.0
329,Emmanuel Mudiay,PG,23,UTA,15,249,14.5,.578,.228,.218,2.3,15.7,9.3,25.9,1.2,1.3,21.3,24.6,,0.0,0.4,0.4,.076,,-1.6,0.9,-0.8,0.1
330,Dejounte Murray,PG,23,SAS,16,360,17.8,.535,.147,.287,5.8,25.5,15.4,26.2,3.0,1.1,20.3,22.5,,0.1,0.4,0.5,.070,,-0.5,1.8,1.3,0.3
331,Jamal Murray,PG,22,DEN,16,527,17.6,.537,.336,.178,2.6,12.2,7.3,23.5,2.4,1.1,12.8,25.9,,0.4,0.9,1.4,.125,,1.3,1.1,2.4,0.6
332,Džanan Musa,SF,20,BRK,13,211,6.1,.441,.493,.338,3.0,16.1,9.7,9.2,1.3,0.4,18.1,19.5,,-0.4,0.2,-0.2,-0.051,,-5.8,-1.4,-7.2,-0.3
333,Mike Muscala,C,28,OKC,13,150,8.2,.423,.750,.154,4.4,19.2,11.9,13.4,1.0,1.6,8.3,17.7,,-0.1,0.2,0.1,.021,,-2.3,-0.5,-2.8,0.0
334,Sviatoslav Mykhailiuk,SF,22,DET,13,205,7.4,.614,.792,.042,1.1,6.6,3.9,10.3,0.9,0.4,19.7,12.9,,0.1,0.1,0.1,.032,,-1.0,-2.5,-3.5,-0.1
335,,,,,,,,,,,,,,,,,,,,,,,,,,,,
336,Abdel Nader,SF,26,OKC,10,131,11.8,.607,.524,.357,3.4,11.4,7.5,5.8,1.1,1.8,19.8,20.3,,0.0,0.1,0.1,.043,,-2.2,-1.5,-3.8,-0.1
337,Larry Nance,C,27,CLE,16,414,19.0,.617,.416,.232,8.7,23.0,15.7,8.1,2.2,1.2,9.2,15.6,,1.0,0.4,1.4,.157,,2.3,0.8,3.0,0.5
338,Shabazz Napier,PG,28,MIN,6,133,12.6,.470,.721,.372,0.8,10.6,5.7,27.5,3.1,1.8,19.3,19.0,,0.0,0.2,0.1,.050,,-2.0,0.2,-1.8,0.0
339,Raul Neto,PG,27,PHI,15,182,10.6,.580,.300,.040,1.2,8.4,4.9,17.6,1.8,0.9,22.8,15.3,,0.0,0.3,0.3,.068,,-3.0,-0.5,-3.4,-0.1
340,Georges Niang,PF,26,UTA,13,128,9.4,.614,.605,.211,0.9,13.7,7.6,8.5,0.0,1.3,14.4,16.5,,0.1,0.1,0.2,.091,,-1.4,-0.8,-2.2,0.0
341,Nerlens Noel,C,25,OKC,16,292,21.4,.686,.000,.400,7.6,20.1,13.9,13.0,2.6,7.7,18.5,16.3,,0.7,0.6,1.3,.207,,0.1,6.0,6.0,0.6
342,Zach Norvell,SG,22,LAL,2,5,-5.7,.000,.000,.000,0.0,21.9,11.1,0.0,0.0,0.0,0.0,8.5,,0.0,0.0,0.0,-0.148,,-14.4,-2.7,-17.1,0.0
343,Jaylen Nowell,SG,20,MIN,2,15,3.0,.338,.750,.250,0.0,6.7,3.4,26.0,0.0,0.0,18.4,14.8,,0.0,0.0,0.0,-0.064,,-6.5,-4.8,-11.3,0.0
344,Frank Ntilikina,PG,21,NYK,17,452,10.3,.471,.415,.160,1.8,7.7,4.6,19.7,2.8,2.2,13.7,12.3,,0.2,0.3,0.5,.052,,-1.9,0.4,-1.5,0.1
345,Kendrick Nunn,SG,24,MIA,17,499,15.0,.579,.427,.095,0.5,8.2,4.6,19.0,2.1,1.0,13.3,24.0,,0.4,0.7,1.1,.107,,0.3,-1.0,-0.7,0.2
346,David Nwaba,SF,27,BRK,11,119,11.2,.747,.400,.667,3.6,15.6,9.7,4.5,1.6,4.0,20.5,8.5,,0.1,0.1,0.3,.114,,-2.1,2.0,-0.1,0.1
347,Royce O'Neale,PF,26,UTA,18,521,8.8,.658,.603,.164,0.2,15.8,8.4,12.1,1.2,1.0,17.0,7.9,,0.5,0.8,1.3,.121,,-0.5,2.8,2.3,0.6
348,Kyle O'Quinn,C,29,PHI,13,120,16.5,.603,.364,.182,12.3,27.2,19.9,20.1,0.8,5.0,25.2,16.8,,0.1,0.2,0.4,.142,,-0.6,3.6,3.0,0.2
349,Semi Ojeleye,PF,25,BOS,17,214,5.5,.485,.564,.128,1.9,10.5,6.2,3.7,1.1,0.4,6.8,8.8,,0.0,0.2,0.3,.057,,-3.3,0.2,-3.1,-0.1
350,Jahlil Okafor,C,24,NOP,11,193,20.6,.672,.016,.500,11.1,17.6,14.3,10.3,0.9,5.8,17.9,20.0,,0.5,0.1,0.6,.146,,0.4,1.2,1.6,0.2
351,Elie Okobo,PG,22,PHO,12,137,16.7,.532,.458,.354,1.6,9.0,5.2,35.5,1.4,0.0,6.7,18.5,,0.3,0.1,0.4,.154,,1.9,-3.3,-1.4,0.0
352,Josh Okogie,SG,21,MIN,16,391,13.3,.564,.384,.556,6.3,15.8,11.0,11.0,2.1,1.2,16.3,15.3,,0.4,0.5,0.9,.106,,-1.2,1.4,0.2,0.2
353,KZ Okpala,SF,20,MIA,2,3,-13.3,,,,0.0,35.8,19.0,0.0,0.0,0.0,100.0,14.3,,0.0,0.0,0.0,-0.377,,-22.8,-0.7,-23.5,0.0
354,Kelly Olynyk,C,28,MIA,17,402,13.5,.620,.607,.196,5.5,20.8,13.6,9.8,2.1,1.7,17.6,15.8,,0.4,0.7,1.2,.138,,0.1,1.9,2.0,0.4
355,Miye Oni,SG,22,UTA,2,4,-12.9,,,,0.0,0.0,0.0,0.0,0.0,0.0,100.0,10.9,,0.0,0.0,0.0,-0.314,,-15.7,1.9,-13.8,0.0
356,,,,,,,,,,,,,,,,,,,,,,,,,,,,
357,Cedi Osman,SF,24,CLE,18,534,9.3,.516,.523,.168,1.8,12.5,7.1,10.3,1.6,0.6,12.1,14.5,,0.1,0.3,0.3,.030,,-1.1,-0.2,-1.3,0.1
358,Kelly Oubre,SF,24,PHO,17,518,16.6,.573,.323,.368,4.8,16.0,10.3,8.3,2.0,1.5,10.2,23.4,,0.7,0.6,1.3,.117,,0.2,-0.1,0.1,0.3
359,Jabari Parker,PF,24,ATL,18,508,20.4,.580,.285,.206,8.3,17.4,12.8,12.8,2.5,1.6,11.0,25.2,,0.9,0.3,1.2,.112,,2.6,-1.1,1.6,0.5
360,Chandler Parsons,SF,31,ATL,2,19,16.9,.571,.714,.000,5.8,11.6,8.7,0.0,7.4,0.0,12.5,17.4,,0.0,0.0,0.0,.085,,-0.1,-1.4,-1.5,0.0
361,Eric Paschall,PF,23,GSW,18,566,15.8,.582,.197,.346,4.7,13.9,9.3,8.5,0.6,1.1,9.6,21.6,,0.9,0.0,0.9,.075,,-0.3,-2.9,-3.2,-0.2
362,Patrick Patterson,PF,30,LAC,17,243,9.8,.524,.771,.114,5.2,14.9,10.1,7.2,0.4,0.7,7.5,13.4,,0.2,0.3,0.5,.097,,-0.2,-0.7,-0.9,0.1
363,Justin Patton,C,22,OKC,2,9,-10.2,.333,.333,.000,0.0,23.7,12.1,0.0,0.0,0.0,25.0,19.5,,-0.1,0.0,0.0,-0.231,,-15.0,-5.5,-20.5,0.0
364,Chris Paul,PG,34,OKC,17,518,20.6,.609,.394,.457,1.1,13.4,7.3,29.2,2.8,0.0,13.4,22.1,,1.4,0.6,2.0,.184,,3.5,0.0,3.5,0.7
365,Elfrid Payton,PG,25,NYK,4,102,13.7,.506,.276,.207,3.0,9.9,6.2,22.1,4.8,0.0,18.1,16.1,,0.0,0.1,0.2,.072,,-1.5,0.6,-1.0,0.0
366,Theo Pinson,SG,24,BRK,9,137,5.0,.361,.482,.143,1.5,8.3,5.0,25.2,2.0,0.0,16.8,21.6,,-0.3,0.1,-0.2,-0.087,,-5.9,-2.5,-8.5,-0.2
367,Mason Plumlee,C,29,DEN,16,267,19.0,.585,.025,.506,11.6,22.8,17.1,20.2,1.6,4.5,19.9,19.3,,0.4,0.6,1.0,.173,,-0.5,4.7,4.2,0.4
368,Vincent Poirier,C,26,BOS,6,31,8.5,.394,.000,.250,16.6,9.9,13.2,13.2,1.6,6.1,25.3,16.3,,0.0,0.1,0.0,.028,,-4.9,4.2,-0.8,0.0
369,Jakob Pöltl,C,24,SAS,19,334,17.6,.574,.000,.350,13.1,22.3,17.6,11.2,1.4,4.7,16.3,13.9,,0.6,0.3,0.9,.123,,-0.2,2.3,2.1,0.4
370,Shamorie Ponds,PG,21,TOR,1,6,27.1,.667,.333,.000,0.0,16.0,8.5,65.1,0.0,0.0,0.0,21.4,,0.0,0.0,0.1,.413,,10.6,-3.5,7.1,0.0
371,Jordan Poole,SG,20,GSW,19,495,3.7,.384,.510,.200,0.9,10.3,5.5,13.0,1.1,0.7,11.4,20.9,,-1.2,0.0,-1.1,-0.110,,-5.7,-3.2,-8.9,-0.9
372,Kevin Porter,SF,19,CLE,17,355,8.3,.471,.339,.229,1.8,13.9,7.7,14.4,1.9,1.0,15.5,17.1,,-0.2,0.2,0.0,-0.003,,-3.3,-0.1,-3.3,-0.1
373,Michael Porter,PF,21,DEN,10,90,10.3,.493,.294,.235,9.2,17.8,13.4,6.6,0.0,3.1,13.8,20.6,,0.0,0.1,0.1,.054,,-4.2,-0.5,-4.7,-0.1
374,Otto Porter,SF,26,CHI,9,226,13.6,.544,.476,.238,3.5,11.0,7.1,9.6,1.9,1.2,7.0,18.2,,0.3,0.2,0.5,.100,,-0.3,-0.5,-0.8,0.1
375,Bobby Portis,C,24,NYK,18,405,13.5,.485,.309,.097,8.2,21.6,14.5,8.5,1.5,1.5,9.5,19.9,,0.1,0.3,0.4,.047,,-2.1,-1.0,-3.2,-0.1
376,Kristaps Porziņģis,PF,24,DAL,16,499,17.3,.513,.391,.254,5.8,24.1,15.2,7.6,0.8,5.6,9.0,26.4,,0.2,0.7,1.0,.093,,-2.2,0.6,-1.5,0.1
377,,,,,,,,,,,,,,,,,,,,,,,,,,,,
378,Dwight Powell,C,28,DAL,14,354,12.4,.669,.119,.388,6.9,10.2,8.6,6.8,1.4,1.4,16.9,11.2,,0.6,0.3,0.9,.116,,0.3,0.9,1.2,0.3
379,Norman Powell,SG,26,TOR,17,463,11.6,.557,.475,.225,2.1,12.3,7.5,8.4,1.1,1.2,12.4,18.6,,0.2,0.6,0.8,.088,,-1.0,0.3,-0.7,0.2
380,Julius Randle,PF,25,NYK,18,587,14.4,.511,.265,.328,7.7,22.3,14.6,19.0,1.2,0.5,17.4,25.3,,-0.1,0.3,0.2,.019,,-1.1,-0.7,-1.8,0.0
381,Cam Reddish,SF,20,ATL,16,395,4.5,.395,.441,.243,2.5,13.4,8.0,9.8,1.8,1.2,16.2,18.8,,-0.9,0.1,-0.8,-0.096,,-5.6,-1.5,-7.2,-0.5
382,J.J. Redick,SG,35,NOP,17,479,15.3,.649,.691,.287,0.9,10.6,5.5,9.4,0.8,0.9,10.7,19.0,,1.1,0.0,1.0,.105,,2.9,-3.1,-0.2,0.2
383,Josh Richardson,SG,26,PHI,16,512,14.7,.571,.407,.245,2.2,9.6,6.0,16.9,1.7,1.7,14.1,21.8,,0.5,0.7,1.3,.118,,0.5,0.0,0.5,0.3
384,Austin Rivers,SG,27,HOU,18,423,8.2,.503,.568,.184,2.7,7.9,5.3,7.3,0.9,0.4,7.5,14.0,,0.2,0.2,0.4,.043,,-1.9,-1.7,-3.6,-0.2
385,Duncan Robinson,SF,25,MIA,17,425,11.7,.627,.815,.089,0.6,9.8,5.5,4.5,1.5,1.6,7.9,15.4,,0.5,0.6,1.1,.124,,1.1,-0.5,0.6,0.3
386,Glenn Robinson,SF,26,GSW,19,604,13.9,.575,.328,.140,5.6,10.4,8.0,10.3,1.6,0.6,7.9,14.9,,0.9,0.1,1.0,.079,,0.8,-1.3,-0.5,0.2
387,Jerome Robinson,SG,22,LAC,14,152,5.4,.451,.511,.085,0.0,9.9,5.1,12.4,1.2,3.0,17.0,15.8,,-0.2,0.2,0.0,.004,,-4.7,0.8,-3.8,-0.1
388,Justin Robinson,PG,22,WAS,4,12,9.0,.500,.200,.000,8.9,18.6,13.6,21.4,0.0,0.0,28.6,23.9,,0.0,0.0,0.0,-0.096,,-5.3,-3.2,-8.4,0.0
389,Mitchell Robinson,C,21,NYK,14,276,26.1,.742,.000,.514,14.2,19.5,16.7,5.6,1.6,10.1,12.8,15.6,,1.1,0.4,1.4,.249,,2.2,4.2,6.3,0.6
390,Rajon Rondo,PG,33,LAL,8,171,14.5,.492,.410,.115,2.6,14.1,8.4,34.6,2.5,0.0,19.0,19.7,,0.1,0.3,0.4,.106,,-1.0,-0.1,-1.1,0.0
391,Derrick Rose,PG,31,DET,13,309,20.8,.565,.160,.237,2.3,6.6,4.5,42.2,1.7,1.6,16.9,31.6,,0.4,0.2,0.6,.101,,1.6,-2.8,-1.2,0.1
392,Terrence Ross,SG,28,ORL,15,360,11.6,.506,.568,.179,1.4,12.3,6.6,6.8,1.9,0.7,9.3,23.2,,-0.1,0.4,0.3,.038,,-1.6,-1.5,-3.1,-0.1
393,Terry Rozier,PG,25,CHO,19,613,14.5,.549,.435,.238,2.4,11.6,6.8,22.0,1.7,0.6,16.1,24.9,,0.3,0.2,0.5,.039,,0.3,-1.9,-1.6,0.1
394,Ricky Rubio,PG,29,PHO,12,364,16.0,.512,.293,.316,2.1,17.9,9.9,36.5,1.9,0.0,14.2,20.6,,0.5,0.4,0.9,.122,,0.5,0.3,0.8,0.3
395,D'Angelo Russell,SG,23,GSW,10,315,21.7,.571,.422,.316,0.7,11.7,6.1,39.5,1.2,1.4,13.8,33.0,,0.5,0.0,0.5,.083,,5.0,-3.4,1.6,0.3
396,Domantas Sabonis,C,23,IND,15,510,21.5,.569,.086,.305,12.2,30.0,21.1,15.8,0.9,1.5,13.5,24.2,,1.1,0.9,2.0,.190,,1.2,2.1,3.3,0.7
397,JaKarr Sampson,SF,26,IND,9,166,10.0,.567,.244,.171,4.6,11.0,7.8,3.2,1.5,3.2,12.0,12.9,,0.1,0.3,0.3,.095,,-2.2,1.7,-0.5,0.1
398,,,,,,,,,,,,,,,,,,,,,,,,,,,,
399,Dario Šarić,PF,25,PHO,17,468,13.2,.544,.500,.133,6.5,21.6,13.9,10.3,1.8,1.3,13.0,17.5,,0.3,0.6,0.8,.087,,-0.2,1.2,1.0,0.4
400,Tomáš Satoranský,PG,28,CHI,19,495,14.5,.575,.399,.147,3.4,10.3,6.7,29.3,2.7,0.6,21.2,16.1,,0.5,0.5,1.0,.102,,-0.1,0.2,0.1,0.3
401,Admiral Schofield,SF,22,WAS,6,52,17.3,.935,.700,.400,4.1,12.9,8.4,2.4,0.0,0.0,0.0,9.3,,0.2,0.0,0.2,.187,,4.8,-4.5,0.3,0.0
402,Dennis Schröder,PG,26,OKC,17,490,12.7,.518,.347,.216,1.8,13.5,7.8,22.1,1.4,0.8,16.8,26.2,,-0.3,0.4,0.1,.009,,-2.0,-0.8,-2.8,-0.1
403,Mike Scott,PF,31,PHI,18,341,10.1,.561,.621,.095,4.3,15.6,10.1,4.8,0.7,0.5,6.6,13.2,,0.4,0.4,0.8,.109,,-0.7,-1.0,-1.8,0.0
404,Thabo Sefolosha,PF,35,HOU,15,165,7.7,.382,.632,.000,6.2,16.0,11.1,11.1,1.7,2.1,9.5,10.3,,0.0,0.2,0.2,.048,,-3.2,1.3,-1.9,0.0
405,Collin Sexton,SG,21,CLE,18,549,14.5,.518,.248,.238,3.3,8.6,5.9,13.3,1.1,0.2,9.8,26.9,,0.2,0.1,0.3,.030,,-0.5,-3.1,-3.6,-0.2
406,Landry Shamet,SG,22,LAC,10,294,6.3,.559,.753,.130,0.0,5.1,2.6,7.7,0.6,0.3,12.8,13.0,,0.1,0.2,0.4,.059,,-0.8,-1.1,-1.9,0.0
407,Iman Shumpert,SG,29,BRK,7,132,4.7,.417,.686,.143,4.0,12.5,8.3,5.1,2.5,0.6,17.7,14.2,,-0.2,0.1,-0.1,-0.030,,-4.6,0.1,-4.6,-0.1
408,Pascal Siakam,PF,25,TOR,17,624,20.9,.578,.310,.246,4.4,18.0,11.6,18.2,1.1,1.9,11.2,29.5,,1.2,1.0,2.2,.171,,2.3,0.9,3.2,0.8
409,Chris Silva,PF,23,MIA,16,161,17.2,.699,.054,.541,23.5,23.3,23.4,10.4,1.2,7.3,33.4,18.4,,0.2,0.3,0.6,.171,,-0.5,4.4,3.9,0.2
410,Ben Simmons,PG,23,PHI,16,542,17.3,.560,.013,.300,5.2,17.9,11.7,34.6,3.2,1.4,25.2,18.9,,0.4,1.1,1.5,.135,,-0.5,3.6,3.1,0.7
411,Anfernee Simons,SG,20,POR,19,414,11.8,.538,.469,.189,1.0,7.0,4.0,9.2,1.1,0.4,9.1,20.9,,0.3,0.1,0.4,.044,,-0.4,-3.0,-3.4,-0.1
412,Marcus Smart,SG,25,BOS,17,555,15.1,.529,.617,.138,2.6,8.5,5.5,22.6,2.2,1.4,7.9,16.6,,0.9,0.8,1.7,.147,,2.2,0.6,2.8,0.7
413,Dennis Smith,PG,22,NYK,11,172,6.3,.400,.319,.116,5.3,5.9,5.5,26.3,1.7,0.6,18.1,21.8,,-0.3,0.0,-0.3,-0.072,,-4.2,-3.0,-7.2,-0.2
414,Ish Smith,PG,31,WAS,16,388,12.6,.497,.280,.104,2.8,12.4,7.5,21.8,1.4,1.5,12.1,15.7,,0.3,0.0,0.4,.047,,-0.9,-1.0,-1.9,0.0
415,Tony Snell,SF,28,DET,14,372,10.4,.620,.705,.042,1.6,5.2,3.4,9.0,0.9,0.4,5.8,12.0,,0.6,0.1,0.7,.091,,1.5,-2.2,-0.8,0.1
416,Omari Spellman,PF,22,GSW,18,329,16.6,.530,.316,.274,14.1,19.7,16.9,9.3,1.7,3.4,15.5,19.8,,0.2,0.2,0.5,.069,,-0.9,-0.1,-1.0,0.1
417,Max Strus,SG,23,CHI,1,5,37.0,.727,.333,.333,19.7,0.0,10.3,0.0,0.0,0.0,0.0,28.4,,0.0,0.0,0.0,.381,,9.7,-10.5,-0.8,0.0
418,Edmond Sumner,PG,24,IND,3,67,12.3,.520,.167,.278,1.6,3.2,2.4,11.8,3.6,1.3,4.7,13.6,,0.1,0.1,0.2,.137,,-1.2,1.3,0.1,0.0
419,,,,,,,,,,,,,,,,,,,,,,,,,,,,
420,Caleb Swanigan,PF,22,SAC,4,11,6.4,.521,.000,1.000,10.2,32.1,20.9,0.0,4.5,16.8,51.0,23.3,,-0.1,0.0,0.0,-0.153,,-16.5,7.8,-8.8,0.0
421,Jayson Tatum,PF,21,BOS,17,582,16.1,.503,.334,.228,4.4,16.6,10.6,12.6,1.8,1.6,9.0,27.4,,0.1,0.9,1.1,.090,,-0.9,0.4,-0.5,0.2
422,Jeff Teague,PG,31,MIN,14,408,16.4,.539,.275,.511,1.7,7.4,4.6,36.9,1.6,1.0,15.3,18.9,,0.8,0.3,1.1,.135,,-0.1,-2.0,-2.1,0.0
423,Garrett Temple,SG,33,BRK,18,466,11.6,.558,.729,.157,1.8,9.5,5.7,9.4,1.9,1.9,9.7,14.7,,0.4,0.4,0.8,.083,,0.0,0.1,0.1,0.2
424,Daniel Theis,C,27,BOS,14,322,14.8,.533,.160,.333,8.3,24.7,16.5,7.9,1.2,6.7,10.6,13.7,,0.4,0.7,1.1,.159,,-2.4,4.9,2.4,0.4
425,Isaiah Thomas,PG,30,WAS,14,343,12.4,.529,.444,.085,0.3,6.8,3.5,28.5,0.8,0.7,16.3,22.7,,0.2,-0.1,0.1,.010,,-0.6,-4.8,-5.4,-0.3
426,Khyri Thomas,SG,23,DET,2,6,4.0,.568,,,0.0,0.0,0.0,0.0,0.0,0.0,0.0,6.4,,0.0,0.0,0.0,.034,,-4.2,-3.0,-7.2,0.0
427,Matt Thomas,SG,25,TOR,12,136,13.1,.727,.703,.135,0.8,8.5,4.9,4.2,1.4,0.0,9.3,13.6,,0.3,0.2,0.4,.149,,2.0,-1.1,0.9,0.1
428,Tristan Thompson,C,28,CLE,17,536,20.4,.553,.036,.287,13.6,21.5,17.5,12.2,1.3,3.5,10.9,19.6,,1.0,0.5,1.5,.136,,1.1,2.0,3.1,0.7
429,Matisse Thybulle,SG,22,PHI,17,245,9.7,.526,.525,.288,1.8,6.2,4.1,8.6,4.9,4.5,23.1,15.0,,-0.2,0.6,0.4,.077,,-2.9,4.7,1.7,0.2
430,Anthony Tolliver,PF,34,POR,15,267,5.6,.446,.793,.190,3.5,15.4,9.5,5.1,0.5,1.9,13.7,11.3,,-0.1,0.1,0.0,.001,,-2.9,-0.3,-3.2,-0.1
431,Karl-Anthony Towns,C,24,MIN,16,527,28.7,.661,.513,.332,7.9,30.7,19.4,21.8,1.5,3.6,14.5,28.7,,1.9,0.9,2.8,.255,,7.1,2.7,9.8,1.6
432,Gary Trent,SG,21,POR,11,93,15.0,.621,.697,.000,3.3,9.7,6.5,7.6,1.0,1.8,5.7,15.6,,0.2,0.0,0.2,.127,,2.2,-1.9,0.2,0.1
433,Allonzo Trier,PG,24,NYK,9,124,14.6,.690,.579,.632,0.8,11.7,6.0,16.9,0.8,2.4,23.6,21.7,,0.2,0.0,0.2,.089,,0.1,-2.6,-2.5,0.0
434,P.J. Tucker,PF,34,HOU,18,630,12.0,.683,.615,.115,4.1,13.6,8.8,5.2,2.0,1.2,11.1,9.3,,1.1,0.6,1.7,.128,,1.0,1.5,2.5,0.7
435,Evan Turner,PG,31,ATL,10,126,11.3,.487,.068,.273,3.5,17.5,10.5,22.3,1.9,2.9,20.9,20.4,,-0.1,0.1,0.0,-0.013,,-4.7,-0.1,-4.8,-0.1
436,Myles Turner,C,23,IND,9,274,14.9,.607,.435,.129,5.6,16.9,11.3,4.4,0.7,7.4,15.9,16.7,,0.2,0.5,0.7,.123,,-1.1,3.5,2.4,0.3
437,Jonas Valančiūnas,C,27,MEM,17,412,18.6,.609,.166,.178,10.1,31.6,20.8,12.1,0.6,2.7,17.3,22.1,,0.5,0.3,0.8,.094,,-0.5,0.0,-0.5,0.2
438,Denzel Valentine,SF,26,CHI,5,32,20.9,.548,.619,.000,6.1,23.7,14.5,12.0,1.5,0.0,4.5,28.4,,0.0,0.0,0.1,.117,,2.9,-3.5,-0.6,0.0
439,Jarred Vanderbilt,SF,20,DEN,3,9,0.5,,,,0.0,23.7,11.7,13.2,0.0,0.0,100.0,4.7,,0.0,0.0,0.0,-0.043,,-10.7,2.9,-7.8,0.0
440,,,,,,,,,,,,,,,,,,,,,,,,,,,,
441,Fred VanVleet,PG,25,TOR,17,639,16.4,.553,.448,.302,0.5,9.3,5.2,28.9,2.2,0.3,13.8,21.8,,1.1,0.9,2.0,.154,,1.8,0.1,1.9,0.6
442,Noah Vonleh,C,24,MIN,14,177,12.4,.555,.233,.442,9.8,19.4,14.6,11.7,1.0,1.3,20.2,14.8,,0.2,0.2,0.3,.093,,-2.7,0.6,-2.0,0.0
443,Nikola Vučević,C,29,ORL,14,431,22.3,.524,.237,.185,9.6,31.2,19.9,20.1,1.0,3.1,8.1,25.0,,0.7,0.7,1.5,.164,,1.5,2.6,4.1,0.7
444,Dean Wade,PF,23,CLE,3,18,6.6,.750,.500,.000,0.0,12.2,6.0,0.0,2.7,0.0,0.0,4.7,,0.0,0.0,0.0,.089,,-2.3,-1.0,-3.3,0.0
445,Moritz Wagner,C,22,WAS,16,307,21.1,.741,.331,.223,7.3,24.0,15.5,10.3,1.6,3.0,21.3,22.5,,0.7,0.2,0.9,.137,,2.7,-0.2,2.4,0.3
446,Kemba Walker,PG,29,BOS,16,517,21.6,.576,.515,.288,3.4,11.4,7.4,23.5,1.4,1.5,9.9,28.1,,1.3,0.7,2.0,.186,,5.1,-0.6,4.5,0.8
447,Lonnie Walker,SG,21,SAS,12,64,3.5,.366,.148,.259,3.3,15.4,9.2,8.6,0.0,1.3,9.1,21.8,,-0.2,0.0,-0.2,-0.140,,-8.1,-4.0,-12.1,-0.2
448,Tyrone Wallace,SG,25,ATL,11,129,4.8,.412,.286,.486,2.6,13.7,8.1,12.7,1.8,0.0,17.5,16.5,,-0.2,0.0,-0.2,-0.066,,-5.7,-2.2,-7.9,-0.2
449,Taurean Waller-Prince,SF,25,BRK,18,540,10.5,.544,.595,.122,2.7,18.1,10.5,8.7,1.3,0.7,15.3,19.6,,-0.1,0.5,0.4,.033,,-1.7,-0.8,-2.5,-0.1
450,Derrick Walton,PG,24,LAC,3,9,8.6,1.500,1.000,.000,0.0,0.0,0.0,14.9,0.0,0.0,50.0,9.1,,0.0,0.0,0.0,.089,,0.9,-6.8,-6.0,0.0
451,Brad Wanamaker,PG,30,BOS,17,293,16.2,.629,.259,.469,2.1,9.1,5.6,23.2,2.1,1.0,17.7,17.2,,0.6,0.4,1.0,.168,,0.2,0.0,0.3,0.2
452,T.J. Warren,SF,26,IND,17,569,14.0,.556,.205,.157,2.1,8.9,5.5,4.4,1.7,0.9,8.3,21.8,,0.4,0.8,1.2,.100,,-1.0,-0.5,-1.6,0.1
453,PJ Washington,PF,21,CHO,19,522,14.6,.590,.339,.236,3.4,18.1,10.4,8.0,1.9,2.7,11.2,17.0,,0.6,0.4,1.0,.089,,-0.8,0.6,-0.2,0.2
454,Yuta Watanabe,SG,25,MEM,1,3,49.3,1.000,.000,.000,0.0,35.9,17.8,0.0,0.0,0.0,0.0,27.6,,0.0,0.0,0.0,.440,,10.2,-10.9,-0.7,0.0
455,Tremont Waters,PG,22,BOS,1,20,10.8,.444,.714,.286,0.0,10.2,5.1,20.6,2.4,9.4,20.2,21.0,,0.0,0.0,0.0,.020,,-4.6,4.0,-0.6,0.0
456,Russell Westbrook,PG,31,HOU,16,539,17.5,.501,.284,.339,4.2,18.9,11.5,34.3,2.1,0.8,16.1,32.2,,0.1,0.6,0.7,.063,,-0.5,0.7,0.3,0.3
457,Coby White,SG,19,CHI,19,487,10.4,.474,.477,.156,1.0,13.6,7.0,13.6,1.6,0.0,10.0,24.5,,-0.4,0.4,0.0,-0.001,,-2.7,-1.9,-4.6,-0.3
458,Derrick White,SG,25,SAS,17,403,14.0,.566,.288,.408,2.6,8.4,5.4,17.1,0.9,2.7,11.9,17.5,,0.6,0.1,0.7,.086,,0.2,-1.6,-1.4,0.1
459,Hassan Whiteside,C,30,POR,16,439,24.2,.640,.000,.360,13.5,31.6,22.6,5.3,0.6,5.1,14.4,21.0,,1.2,0.6,1.8,.201,,-0.2,1.0,0.7,0.3
460,Andrew Wiggins,SF,24,MIN,15,524,20.1,.550,.319,.255,3.5,12.2,7.8,16.7,0.9,2.6,7.3,28.9,,0.9,0.5,1.3,.123,,1.7,-1.1,0.6,0.3
461,,,,,,,,,,,,,,,,,,,,,,,,,,,,
462,Grant Williams,PF,21,BOS,16,236,3.9,.336,.447,.319,5.2,11.2,8.2,7.6,1.6,3.6,19.5,12.0,,-0.4,0.4,-0.1,-0.011,,-5.9,2.9,-3.0,-0.1
463,Kenrich Williams,PF,25,NOP,18,463,11.3,.539,.633,.211,7.3,18.7,12.8,9.3,1.8,2.6,13.2,9.9,,0.5,0.3,0.8,.079,,0.0,1.7,1.7,0.4
464,Lou Williams,SG,33,LAC,19,613,19.8,.563,.299,.437,2.1,9.2,5.7,30.2,0.8,0.4,13.7,29.3,,1.4,0.6,2.0,.155,,2.5,-1.7,0.7,0.4
465,Marvin Williams,PF,33,CHO,19,371,13.0,.649,.570,.180,2.9,12.3,7.3,4.9,1.4,1.2,9.2,13.8,,0.6,0.1,0.7,.095,,0.4,-1.5,-1.1,0.1
466,Robert Williams,C,22,BOS,15,213,20.1,.724,.000,.289,8.2,23.9,16.1,13.5,3.2,7.5,21.9,10.9,,0.4,0.6,1.0,.228,,-0.2,7.8,7.6,0.5
467,Nigel Williams-Goss,PG,25,UTA,4,8,-14.4,.000,.500,.000,0.0,0.0,0.0,16.0,0.0,0.0,33.3,16.3,,-0.1,0.0,-0.1,-0.359,,-16.7,-4.9,-21.7,0.0
468,D.J. Wilson,PF,23,MIL,7,55,8.2,.475,.700,.000,5.6,13.8,9.8,12.1,0.0,1.6,16.7,17.8,,0.0,0.1,0.0,.023,,-2.8,-1.5,-4.3,0.0
469,Justise Winslow,SF,23,MIA,6,215,8.9,.433,.183,.256,5.7,18.5,12.5,18.8,1.3,1.4,15.7,21.6,,-0.3,0.3,0.1,.017,,-4.9,1.3,-3.6,-0.1
470,Christian Wood,PF,24,DET,16,232,24.0,.689,.300,.450,8.5,24.4,16.6,4.3,1.0,6.1,11.1,20.2,,0.7,0.3,1.0,.204,,1.1,0.2,1.3,0.2
471,Delon Wright,SG,27,DAL,17,378,16.8,.577,.262,.291,3.9,11.9,8.1,18.8,2.4,1.3,10.1,14.4,,0.9,0.4,1.3,.162,,1.1,1.1,2.3,0.4
472,Thaddeus Young,PF,31,CHI,19,408,12.2,.480,.387,.149,8.0,13.0,10.4,12.3,2.2,1.4,14.4,21.2,,-0.2,0.4,0.2,.024,,-2.2,0.4,-1.8,0.0
473,Trae Young,PG,21,ATL,17,581,22.8,.571,.419,.355,1.7,12.7,7.2,44.2,2.0,0.2,16.9,34.0,,1.1,0.1,1.2,.100,,6.2,-2.7,3.5,0.8
474,Cody Zeller,C,27,CHO,17,417,17.4,.575,.214,.317,13.2,24.1,18.4,8.5,1.0,1.3,13.1,19.7,,0.7,0.3,0.9,.107,,-0.1,-1.1,-1.2,0.1
475,Ante Žižić,C,23,CLE,4,64,13.9,.594,.000,.278,8.3,15.4,11.8,0.0,0.8,1.3,4.7,14.1,,0.1,0.0,0.1,.112,,-3.0,-4.2,-7.3,-0.1
476,Ivica Zubac,C,22,LAC,19,306,25.0,.655,.010,.419,16.1,26.9,21.6,8.1,0.6,6.5,11.4,18.8,,1.1,0.6,1.8,.276,,1.6,3.2,4.8,0.5
