,Player,Team,Position(s),Minutes,BSR Off.,BSR Def.,BSR Total,OOR Off.,OOR Def.,OOR Total,OVR Off.,OVR Def.,OVR total,WAR
0,James Harden,Rockets,"PG, SG",748,+11.5,+0.3,+11.8,+2.4,+9.2,+11.7,+10.3,+2.2,+12.5,5.8
1,Luka Doncic,Mavericks,"PG, SG, SF",676,+10.8,+1.3,+12.1,+5.8,-4.2,+1.6,+10.2,+0.3,+10.4,4.6
2,Giannis Antetokounmpo,Bucks,"SF, PF",669,+6.9,+2.6,+9.5,+2.7,+7.9,+10.7,+6.2,+3.8,+10.0,4.4
3,LeBron James,Lakers,"PG, SF, PF",734,+6.7,+0.3,+7.0,+8.1,+3.4,+11.5,+7.3,+0.9,+8.2,4.1
4,Montrezl Harrell,Clippers,C,654,+1.9,+5.9,+7.8,+5.9,+1.7,+7.6,+2.8,+5.3,+8.1,3.6
5,Jimmy Butler,Heat,"SG, SF",542,+4.6,+5.1,+9.7,+3.5,+4.0,+7.6,+4.7,+5.1,+9.8,3.4
6,Karl-Anthony Towns,Timberwolves,C,563,+4.6,+4.8,+9.4,+3.0,-3.0,+0.0,+4.6,+3.5,+8.1,3.2
7,Kawhi Leonard,Clippers,SF,499,+3.1,+5.6,+8.7,+2.7,+7.5,+10.3,+3.2,+6.3,+9.4,3.1
8,Will Barton,Nuggets,SG,529,+2.5,+3.5,+6.1,+4.8,+10.3,+15.2,+3.2,+5.1,+8.3,3.0
9,Anthony Davis,Lakers,PF,693,+2.4,+4.1,+6.4,-3.9,+3.9,+0.1,+1.1,+4.2,+5.3,2.9
10,Damian Lillard,Trail Blazers,PG,696,+7.4,-2.2,+5.2,+1.5,+2.1,+3.7,+6.6,-1.4,+5.3,2.9
11,Rudy Gobert,Jazz,C,654,-1.4,+6.8,+5.4,+0.1,+3.5,+3.6,-1.2,+6.5,+5.3,2.7
12,Devonte' Graham,Hornets,PG,737,+3.7,-1.6,+2.1,+9.2,+1.8,+11.0,+5.2,-1.0,+4.2,2.6
13,Donovan Mitchell,Jazz,SG,729,+3.2,+0.9,+4.1,+4.3,-1.4,+2.9,+3.6,+0.5,+4.1,2.5
14,Pascal Siakam,Raptors,PF,737,+1.1,-0.1,+1.0,+9.3,+4.3,+13.6,+2.8,+0.8,+3.5,2.4
15,Patty Mills,Spurs,PG,505,+2.0,+2.0,+4.0,+4.2,+7.0,+11.2,+2.6,+3.2,+5.8,2.2
16,Al Horford,76ers,"PF, C",596,+1.6,+1.8,+3.4,+4.5,+3.3,+7.8,+2.3,+2.1,+4.4,2.2
17,Kemba Walker,Celtics,PG,582,+4.2,+0.5,+4.8,+8.0,-5.7,+2.3,+5.3,-0.8,+4.5,2.1
18,Jarrett Allen,Nets,C,529,-0.5,+4.1,+3.6,+4.7,+4.5,+9.2,+0.5,+4.5,+5.0,2.1
19,Harrison Barnes,Kings,"SF, PF",667,+1.8,+0.1,+1.8,+4.0,+3.4,+7.4,+2.4,+0.8,+3.1,2.0
20,Jonathan Isaac,Magic,"SF, PF",558,-0.2,+4.1,+3.8,+2.6,+2.2,+4.8,+0.4,+3.9,+4.3,2.0
21,Jakob Poeltl,Spurs,C,417,+0.2,+4.9,+5.1,+8.1,+2.2,+10.3,+1.9,+4.8,+6.6,2.0
22,Paul Millsap,Nuggets,PF,473,+1.8,+2.3,+4.1,+2.9,+6.6,+9.5,+2.2,+3.2,+5.4,2.0
23,OG Anunoby,Raptors,SF,562,-0.4,+3.9,+3.6,+3.3,+2.0,+5.3,+0.3,+3.7,+4.0,2.0
24,Spencer Dinwiddie,Nets,"PG, SG",582,+5.5,-2.9,+2.7,+7.0,+0.1,+7.1,+6.2,-2.4,+3.8,1.9
25,Joel Embiid,76ers,C,511,+2.1,+3.0,+5.0,-5.1,+6.9,+1.8,+0.7,+3.9,+4.6,1.9
26,Jamal Murray,Nuggets,"PG, SG",599,+0.0,+2.5,+2.6,+5.6,+1.2,+6.9,+1.2,+2.3,+3.5,1.9
27,Evan Fournier,Magic,"SG, SF",618,+2.5,+0.1,+2.6,+8.2,-3.6,+4.6,+3.9,-0.7,+3.2,1.9
28,Jrue Holiday,Pelicans,"PG, SG",688,+1.5,+1.9,+3.5,+0.8,-3.2,-2.4,+1.5,+1.0,+2.5,1.9
29,Jayson Tatum,Celtics,SF,657,+0.9,-0.1,+0.8,+4.5,+5.7,+10.2,+1.7,+1.1,+2.8,1.8
30,P.J. Tucker,Rockets,"SF, PF",711,-0.0,+2.4,+2.4,+0.8,+1.2,+2.1,+0.0,+2.3,+2.4,1.8
31,Josh Richardson,76ers,"SG, SF",512,+1.4,+1.6,+3.0,+4.6,+3.1,+7.7,+2.2,+2.0,+4.2,1.8
32,Trae Young,Hawks,PG,689,+4.8,-1.5,+3.2,+9.2,-12.3,-3.1,+6.1,-3.8,+2.3,1.8
33,Bam Adebayo,Heat,C,646,-1.0,+3.9,+2.9,-1.3,+2.6,+1.3,-1.1,+3.7,+2.6,1.8
34,Tobias Harris,76ers,"SF, PF",719,+0.0,+1.2,+1.2,+2.0,+3.3,+5.4,+0.5,+1.6,+2.1,1.7
35,Marcus Smart,Celtics,SG,607,+1.7,+2.6,+4.3,-3.7,+0.1,-3.6,+0.6,+2.2,+2.9,1.7
36,Aron Baynes,Suns,C,312,+5.5,+1.8,+7.2,+6.7,+2.6,+9.4,+6.0,+2.1,+8.1,1.7
37,Clint Capela,Rockets,C,524,-0.7,+6.0,+5.3,-2.9,-0.3,-3.2,-1.3,+5.0,+3.7,1.7
38,Royce O'Neale,Jazz,"SG, SF",603,+0.2,+1.6,+1.7,+2.2,+4.6,+6.9,+0.6,+2.2,+2.9,1.7
39,Kenrich Williams,Pelicans,SF,470,+0.2,+3.0,+3.2,+4.5,+3.5,+8.1,+1.1,+3.4,+4.4,1.7
40,Delon Wright,Mavericks,PG,445,+2.4,+1.6,+4.0,+1.6,+5.0,+6.6,+2.3,+2.4,+4.7,1.7
41,Davis Bertans,Wizards,"SF, PF",537,+3.6,-1.0,+2.6,+4.6,+0.3,+4.9,+4.0,-0.7,+3.3,1.7
42,Tomas Satoransky,Bulls,"PG, SG",558,+0.9,+1.9,+2.8,+6.0,-2.9,+3.1,+2.1,+1.0,+3.1,1.7
43,Donte DiVincenzo,Bucks,"PG, SG",377,+0.6,+4.7,+5.2,+0.3,+6.8,+7.1,+0.5,+5.3,+5.8,1.6
44,Christian Wood,Pistons,PF,284,+2.3,+5.1,+7.3,+2.4,+7.8,+10.3,+2.4,+6.0,+8.4,1.6
45,Ben Simmons,76ers,PG,652,-1.1,+2.8,+1.7,+2.8,-0.0,+2.8,-0.3,+2.4,+2.0,1.6
46,Danilo Gallinari,Thunder,"SF, PF",568,+3.4,+0.1,+3.5,+6.0,-7.5,-1.6,+4.2,-1.5,+2.7,1.6
47,Danuel House Jr.,Rockets,"SF, PF",416,+1.3,+3.4,+4.7,+1.9,+0.8,+2.8,+1.4,+3.1,+4.5,1.6
48,Fred VanVleet,Raptors,"PG, SG",756,+2.2,+0.6,+2.8,-2.6,-2.0,-4.6,+1.3,+0.0,+1.3,1.6
49,Marcus Morris Sr.,Knicks,PF,628,+0.7,+0.1,+0.9,+4.2,+1.6,+5.8,+1.6,+0.5,+2.1,1.5
50,CJ McCollum,Trail Blazers,SG,765,+0.5,-1.5,-1.0,+10.1,-0.4,+9.8,+2.5,-1.3,+1.2,1.5
51,Malcolm Brogdon,Pacers,PG,541,+3.0,-1.0,+2.0,+2.3,+3.0,+5.3,+3.0,-0.3,+2.7,1.5
52,George Hill,Bucks,"PG, SG",413,+5.5,-0.4,+5.1,+3.1,-1.6,+1.5,+5.3,-0.7,+4.6,1.5
53,Tim Hardaway Jr.,Mavericks,"SG, SF",489,+1.7,+1.4,+3.1,+1.0,+2.5,+3.5,+1.6,+1.7,+3.3,1.5
54,Bradley Beal,Wizards,SG,699,+5.9,-3.9,+2.0,+5.3,-6.4,-1.2,+6.1,-4.6,+1.5,1.5
55,Domantas Sabonis,Pacers,"PF, C",614,+0.6,+0.7,+1.2,+3.2,+2.0,+5.1,+1.1,+0.9,+2.0,1.5
56,Kelly Oubre Jr.,Suns,SF,596,+1.4,+1.9,+3.4,-1.7,-1.9,-3.7,+0.8,+1.3,+2.1,1.5
57,Andre Drummond,Pistons,C,712,-2.2,+3.6,+1.3,-1.7,+2.4,+0.7,-2.3,+3.6,+1.3,1.5
58,Cedi Osman,Cavaliers,SF,597,-0.9,+1.0,+0.1,+3.5,+5.7,+9.2,+0.0,+2.1,+2.1,1.5
59,Ricky Rubio,Suns,PG,433,+1.5,+1.1,+2.6,+3.7,+4.2,+7.9,+2.0,+1.8,+3.8,1.5
60,Justin Holiday,Pacers,"SG, SF",505,+0.6,+2.9,+3.5,-3.2,+2.8,-0.4,-0.2,+3.0,+2.9,1.5
61,Danny Green,Lakers,"SG, SF",539,-0.1,+2.8,+2.7,+1.3,-0.1,+1.1,+0.2,+2.3,+2.5,1.5
62,Jaylen Brown,Celtics,SG,534,+1.6,+1.5,+3.2,-1.2,+0.3,-0.9,+1.1,+1.3,+2.4,1.4
63,Tristan Thompson,Cavaliers,"PF, C",597,-1.4,+2.8,+1.4,+0.2,+2.3,+2.5,-1.1,+3.0,+1.9,1.4
64,Aaron Holiday,Pacers,PG,389,+0.6,+4.9,+5.5,+0.6,-2.6,-2.0,+0.6,+3.6,+4.2,1.4
65,Chris Paul,Thunder,PG,580,+4.3,-1.6,+2.7,+2.0,-3.9,-1.9,+4.1,-2.3,+1.9,1.4
66,Bogdan Bogdanovic,Kings,SG,495,+3.3,-0.2,+3.2,-0.5,-0.1,-0.7,+2.8,-0.1,+2.6,1.3
67,Eric Bledsoe,Bucks,PG,569,+2.7,-0.6,+2.1,-0.5,+1.2,+0.7,+2.0,-0.3,+1.7,1.3
68,Brook Lopez,Bucks,C,513,-1.6,+4.0,+2.5,+2.3,-0.9,+1.3,-0.9,+3.1,+2.2,1.3
69,Terence Davis,Raptors,SG,316,+3.8,+0.2,+4.0,+4.3,+5.5,+9.8,+4.1,+1.3,+5.4,1.3
70,Kyle Lowry,Raptors,PG,330,+4.3,+2.9,+7.2,-4.4,-1.2,-5.7,+2.6,+2.2,+4.8,1.3
71,Bojan Bogdanovic,Jazz,PF,662,+1.3,-1.4,-0.1,+7.8,-2.2,+5.6,+2.7,-1.6,+1.1,1.3
72,Patrick Beverley,Clippers,PG,595,-2.0,+3.3,+1.3,-1.9,+4.3,+2.4,-2.1,+3.6,+1.5,1.3
73,Richaun Holmes,Kings,"PF, C",527,-0.3,+0.9,+0.6,+3.3,+4.0,+7.3,+0.4,+1.6,+2.0,1.3
74,T.J. Warren,Pacers,SF,660,-0.6,+1.7,+1.1,-2.0,+2.9,+0.9,-1.0,+2.0,+1.1,1.3
75,Jabari Parker,Hawks,PF,588,+1.7,-1.1,+0.6,+9.8,-6.1,+3.6,+3.6,-2.1,+1.4,1.3
76,Khris Middleton,Bucks,SF,384,+2.5,+1.5,+4.0,+1.5,+1.0,+2.5,+2.3,+1.4,+3.7,1.3
77,Duncan Robinson,Heat,SF,506,+2.0,+0.3,+2.3,+1.6,-0.5,+1.1,+2.0,+0.1,+2.1,1.3
78,Brandon Ingram,Pelicans,"SG, SF",582,+2.9,-0.9,+2.0,-0.5,-1.0,-1.5,+2.3,-0.9,+1.4,1.3
79,Moritz Wagner,Wizards,"PF, C",329,+0.3,+3.1,+3.4,+0.8,+6.6,+7.4,+0.3,+4.2,+4.6,1.2
80,Paul George,Clippers,"SG, SF",324,+4.1,+0.6,+4.7,+1.1,+2.2,+3.3,+3.7,+0.9,+4.6,1.2
81,Langston Galloway,Pistons,"PG, SG",575,+3.2,-1.5,+1.7,+1.8,-2.3,-0.5,+3.1,-1.7,+1.4,1.2
82,Jeremy Lamb,Pacers,SG,362,+1.6,+2.4,+4.0,+3.2,-1.9,+1.4,+2.1,+1.6,+3.6,1.2
83,Wesley Matthews,Bucks,"SG, SF",513,-1.6,+1.8,+0.2,+3.2,+4.2,+7.3,-0.7,+2.3,+1.7,1.2
84,Hassan Whiteside,Trail Blazers,C,495,-0.2,+3.0,+2.8,+0.4,-2.6,-2.2,-0.1,+2.0,+1.9,1.2
85,JaVale McGee,Lakers,C,351,-1.0,+5.9,+4.9,+1.0,-2.7,-1.7,-0.7,+4.4,+3.7,1.2
86,Jalen Brunson,Mavericks,PG,320,+1.1,+2.6,+3.7,+1.2,+4.5,+5.7,+1.1,+3.1,+4.2,1.1
87,Nikola Vucevic,Magic,C,431,-0.2,+1.9,+1.7,+4.9,-0.2,+4.7,+0.9,+1.5,+2.4,1.1
88,Andrew Wiggins,Timberwolves,SF,559,+2.4,-2.8,-0.4,+6.8,+0.4,+7.2,+3.5,-2.3,+1.2,1.1
89,Luke Kennard,Pistons,SG,697,+3.5,-2.7,+0.8,+1.2,-2.5,-1.4,+3.2,-2.8,+0.4,1.1
90,Gary Harris,Nuggets,SG,582,-2.4,+2.7,+0.3,-0.7,+3.7,+3.0,-2.2,+3.0,+0.9,1.1
91,Dennis Schroder,Thunder,PG,547,-1.9,+0.4,-1.5,-2.0,+13.3,+11.3,-2.0,+3.1,+1.1,1.1
92,Chris Boucher,Raptors,"PF, C",218,+3.8,+3.6,+7.4,+0.4,+2.7,+3.1,+3.2,+3.5,+6.8,1.1
93,Lou Williams,Clippers,"PG, SG",689,+5.0,-3.3,+1.7,-0.5,-5.1,-5.6,+4.1,-3.9,+0.2,1.1
94,Ryan Arcidiacono,Bulls,PG,352,-0.3,+2.7,+2.4,-1.1,+6.0,+4.9,-0.4,+3.6,+3.1,1.1
95,Rodney Hood,Trail Blazers,"SG, SF",576,+1.1,-1.0,+0.1,+3.3,-0.1,+3.2,+1.6,-0.8,+0.8,1.0
96,Derrick Rose,Pistons,"PG, SG",372,+4.2,-3.2,+1.0,+7.4,+1.1,+8.5,+5.1,-2.5,+2.6,1.0
97,Gorgui Dieng,Timberwolves,"PF, C",190,-1.2,+10.4,+9.3,-5.1,+4.2,-0.9,-2.0,+9.8,+7.7,1.0
98,Rondae Hollis-Jefferson,Raptors,"SF, PF",286,+3.6,-0.1,+3.5,+0.5,+4.8,+5.3,+3.1,+0.9,+4.0,1.0
99,Markelle Fultz,Magic,"PG, SG",510,-0.3,-0.4,-0.7,+5.7,+1.9,+7.6,+1.0,-0.0,+1.0,1.0
100,Kevin Love,Cavaliers,"PF, C",527,+1.1,-0.2,+0.8,-2.2,+2.0,-0.2,+0.5,+0.3,+0.8,1.0
101,Mikal Bridges,Suns,"SF, PF",386,-0.0,+2.4,+2.4,-2.3,+2.9,+0.6,-0.5,+2.7,+2.2,1.0
102,Alex Caruso,Lakers,"PG, SG",379,-2.9,+4.3,+1.4,-1.3,+6.7,+5.5,-2.7,+5.0,+2.3,1.0
103,Kendrick Nunn,Heat,"PG, SG",591,-0.6,+1.2,+0.6,-3.2,+3.4,+0.2,-1.2,+1.6,+0.4,1.0
104,Kelly Olynyk,Heat,"PF, C",468,+0.1,+1.1,+1.2,+0.2,+1.8,+2.0,+0.1,+1.2,+1.2,1.0
105,Cody Martin,Hornets,SG,189,-2.1,+8.9,+6.7,-1.8,+6.8,+5.0,-2.2,+9.1,+7.0,0.9
106,James Ennis III,76ers,SF,361,+2.2,-0.1,+2.1,+4.9,-2.1,+2.7,+2.9,-0.6,+2.3,0.9
107,Dwight Howard,Lakers,C,417,+0.2,+1.4,+1.7,+4.1,-2.8,+1.2,+1.0,+0.5,+1.6,0.9
108,Robert Covington,Timberwolves,"SF, PF",492,-0.3,+1.4,+1.1,+3.9,-4.8,-1.0,+0.6,+0.2,+0.8,0.9
109,Nikola Jokic,Nuggets,C,561,+0.5,+0.2,+0.7,+1.5,-1.9,-0.5,+0.7,-0.4,+0.4,0.9
110,Brad Wanamaker,Celtics,"PG, SG",330,+1.9,+1.2,+3.1,-3.3,+3.1,-0.3,+0.9,+1.6,+2.5,0.9
111,Marquese Chriss,Warriors,"PF, C",382,-2.1,+4.1,+2.0,+0.6,-1.9,-1.3,-1.6,+3.3,+1.6,0.9
112,Sterling Brown,Bucks,"SG, SF",255,+0.9,+1.8,+2.7,+1.3,+6.6,+7.9,+1.0,+2.9,+3.8,0.9
113,Dario Saric,Suns,PF,533,-1.4,+1.1,-0.4,+4.0,-0.6,+3.4,-0.4,+0.8,+0.4,0.9
114,Enes Kanter,Celtics,C,197,+3.9,+1.8,+5.6,+4.1,-0.0,+4.0,+4.1,+1.4,+5.6,0.8
115,Mike Conley,Jazz,PG,628,-0.7,+0.2,-0.4,+2.7,-1.9,+0.8,+0.0,-0.2,-0.2,0.8
116,Nemanja Bjelica,Kings,"SF, PF",499,+2.1,-0.3,+1.9,-1.0,-4.9,-5.9,+1.6,-1.3,+0.4,0.8
117,Marc Gasol,Raptors,C,573,-3.0,+1.6,-1.3,+2.8,+2.8,+5.6,-2.0,+1.9,-0.1,0.8
118,Ersan Ilyasova,Bucks,PF,305,+2.1,+2.1,+4.2,-1.4,-4.4,-5.8,+1.4,+0.8,+2.2,0.8
119,Kyrie Irving,Nets,PG,372,+6.7,-4.4,+2.3,+0.6,-4.3,-3.7,+5.9,-4.6,+1.2,0.8
120,JJ Redick,Pelicans,SG,573,+1.9,-2.2,-0.3,+0.3,-0.3,+0.0,+1.6,-1.9,-0.2,0.7
121,Ivica Zubac,Clippers,C,353,+0.3,+1.6,+1.9,-4.3,+3.3,-1.0,-0.7,+2.0,+1.3,0.7
122,Nerlens Noel,Thunder,C,335,-0.7,+4.4,+3.6,-5.3,-2.7,-8.0,-1.7,+3.2,+1.5,0.7
123,Buddy Hield,Kings,SG,641,+0.1,-1.3,-1.2,+4.3,-2.6,+1.7,+1.0,-1.6,-0.6,0.7
124,Ben McLemore,Rockets,SG,423,+0.6,-2.6,-2.1,+11.4,-0.5,+10.9,+2.8,-2.4,+0.4,0.7
125,Patrick Patterson,Clippers,"SF, PF, C",285,+0.0,+1.9,+1.9,+1.5,+0.3,+1.8,+0.3,+1.6,+1.9,0.7
126,Maxi Kleber,Mavericks,PF,476,-0.6,+1.1,+0.4,-6.6,+5.1,-1.5,-2.0,+2.0,+0.0,0.7
127,Daniel Theis,Celtics,C,346,-3.6,+4.1,+0.6,-2.5,+5.8,+3.2,-3.6,+4.6,+1.0,0.7
128,Solomon Hill,Grizzlies,SF,339,+0.8,-1.1,-0.2,+3.7,+2.0,+5.6,+1.5,-0.4,+1.1,0.7
129,Devin Booker,Suns,"PG, SG",676,+2.3,-3.3,-1.0,+6.5,-6.3,+0.2,+3.2,-4.1,-0.9,0.7
130,Dwight Powell,Mavericks,"PF, C",436,-1.5,+0.3,-1.3,+7.5,-1.2,+6.2,+0.2,-0.0,+0.2,0.7
131,Gordon Hayward,Celtics,SF,249,+2.2,-1.6,+0.6,+3.4,+5.7,+9.1,+2.5,-0.2,+2.3,0.6
132,DeAndre' Bembry,Hawks,"SG, SF",546,-1.0,+1.2,+0.1,-7.8,+4.8,-2.9,-2.5,+2.1,-0.5,0.6
133,Mitchell Robinson,Knicks,C,348,+1.2,+0.4,+1.6,-2.0,-1.0,-3.0,+0.7,+0.2,+0.9,0.6
134,Matisse Thybulle,76ers,SF,312,-2.2,+5.6,+3.4,-8.7,+1.2,-7.5,-3.7,+4.9,+1.2,0.6
135,Justise Winslow,Heat,"PG, SG, SF",305,-1.7,+1.2,-0.5,+1.7,+6.8,+8.5,-1.1,+2.4,+1.3,0.6
136,Jonas Valanciunas,Grizzlies,C,444,-0.7,+0.9,+0.2,-1.8,+0.3,-1.4,-0.9,+0.9,+0.0,0.6
137,Zach LaVine,Bulls,"PG, SG",677,+0.5,+0.3,+0.8,+1.4,-9.6,-8.2,+0.8,-1.8,-0.9,0.6
138,Goran Dragic,Heat,PG,517,+3.4,-2.2,+1.2,+0.9,-7.9,-7.0,+3.1,-3.5,-0.4,0.6
139,Jordan Clarkson,Cavaliers,SG,448,+3.6,-3.0,+0.6,-3.1,+0.1,-3.0,+2.4,-2.5,-0.1,0.6
140,Taurean Prince,Nets,"SF, PF",605,-1.7,+0.2,-1.5,+4.6,-2.3,+2.3,-0.5,-0.3,-0.8,0.6
141,Josh Hart,Pelicans,SG,393,+0.5,-0.3,+0.2,-4.9,+4.7,-0.1,-0.6,+0.8,+0.2,0.6
142,Hamidou Diallo,Thunder,SG,256,-2.2,+2.9,+0.7,-1.2,+6.5,+5.2,-2.1,+3.8,+1.7,0.6
143,Tony Bradley,Jazz,"PF, C",150,+1.1,+5.6,+6.7,-3.8,+0.7,-3.2,+0.2,+4.7,+4.9,0.6
144,Garrett Temple,Nets,"SG, SF",538,+0.4,-0.8,-0.4,-3.4,+2.1,-1.3,-0.4,-0.2,-0.7,0.6
145,Rudy Gay,Spurs,PF,511,+0.1,-1.2,-1.1,-0.8,+2.4,+1.6,-0.1,-0.4,-0.6,0.6
146,JaMychal Green,Clippers,PF,464,-0.8,-0.2,-1.0,+0.9,+2.1,+3.0,-0.5,+0.2,-0.3,0.6
147,Michael Carter-Williams,Magic,PG,162,-1.3,+5.4,+4.1,+0.1,+2.8,+2.9,-1.0,+5.1,+4.1,0.6
148,Wendell Carter Jr.,Bulls,C,616,-2.0,-1.0,-3.0,+5.6,+1.9,+7.5,-0.5,-0.5,-0.9,0.6
149,John Collins,Hawks,PF,161,+2.7,+0.6,+3.3,-5.4,+11.0,+5.5,+1.2,+2.8,+4.0,0.6
150,Isaac Bonga,Wizards,"PG, SG, SF",216,-0.5,+1.2,+0.7,+0.0,+7.4,+7.4,-0.4,+2.7,+2.3,0.6
151,Mason Plumlee,Nuggets,"PF, C",297,-1.6,+3.4,+1.8,-4.3,+1.7,-2.6,-2.3,+3.1,+0.8,0.5
152,Josh Okogie,Timberwolves,SG,410,-2.1,+1.7,-0.4,-5.2,+6.1,+0.9,-2.8,+2.7,-0.1,0.5
153,Kris Dunn,Bulls,"PG, SG",440,-1.9,+2.7,+0.8,-6.7,+1.6,-5.2,-3.0,+2.6,-0.3,0.5
154,Mike Muscala,Thunder,"PF, C",150,-2.5,+6.3,+3.8,-5.8,+10.6,+4.8,-3.3,+7.7,+4.3,0.5
155,Dejounte Murray,Spurs,PG,420,-1.2,+1.0,-0.3,-0.5,-0.6,-1.1,-1.2,+0.8,-0.3,0.5
156,Marvin Williams,Hornets,PF,443,+1.1,-2.4,-1.3,+2.9,-0.3,+2.5,+1.5,-2.0,-0.5,0.5
157,Jae Crowder,Grizzlies,SF,618,+0.0,-0.5,-0.5,-2.0,-2.2,-4.1,-0.4,-0.8,-1.2,0.5
158,Frank Ntilikina,Knicks,PG,495,-1.7,-0.2,-1.9,+3.7,-0.3,+3.4,-0.6,-0.2,-0.8,0.5
159,Bismack Biyombo,Hornets,C,334,-1.0,-0.5,-1.5,+2.1,+3.4,+5.5,-0.4,+0.4,+0.0,0.5
160,Shaquille Harrison,Bulls,"PG, SG",117,+1.3,+3.0,+4.2,-4.2,+11.4,+7.2,+0.3,+4.9,+5.2,0.5
161,D'Angelo Russell,Warriors,"PG, SG",315,+5.1,-3.5,+1.6,-1.6,-5.9,-7.5,+4.2,-4.2,+0.0,0.5
162,Shabazz Napier,Timberwolves,"PG, SG",142,-1.1,+4.4,+3.3,-5.8,+8.7,+2.8,-2.1,+5.5,+3.4,0.5
163,Stephen Curry,Warriors,PG,112,+4.6,+1.8,+6.4,+1.8,-5.5,-3.7,+4.5,+0.4,+4.9,0.5
164,Khem Birch,Magic,C,231,-3.1,+5.5,+2.4,-4.0,-0.9,-5.0,-3.4,+4.5,+1.0,0.4
165,Omari Spellman,Warriors,PF,396,-1.5,+0.9,-0.6,-2.6,+1.7,-0.9,-1.8,+1.2,-0.6,0.4
166,Cheick Diallo,Suns,PF,124,+2.9,+1.9,+4.8,+9.4,-9.1,+0.4,+4.4,-0.3,+4.2,0.4
167,Skal Labissiere,Trail Blazers,PF,357,-0.4,+0.4,-0.1,-1.7,+0.2,-1.5,-0.7,+0.4,-0.4,0.4
168,DeAndre Jordan,Nets,C,366,+0.3,+1.1,+1.4,-5.0,-2.9,-7.8,-0.8,+0.4,-0.5,0.4
169,Terrence Ross,Magic,"SG, SF",433,-0.4,+0.5,+0.1,-10.1,+5.5,-4.6,-2.4,+1.5,-0.8,0.4
170,Quinn Cook,Lakers,PG,242,-0.0,-0.1,-0.2,+1.8,+2.6,+4.3,+0.3,+0.3,+0.6,0.4
171,Chris Silva,Heat,PF,186,-1.1,+2.0,+0.9,+4.3,+0.6,+4.9,-0.1,+1.6,+1.5,0.4
172,Collin Sexton,Cavaliers,"PG, SG",614,+1.1,-2.6,-1.6,+5.1,-6.3,-1.2,+2.0,-3.5,-1.5,0.4
173,Malik Monk,Hornets,SG,467,-1.1,-1.7,-2.8,-0.1,+6.1,+5.9,-0.9,-0.1,-1.1,0.4
174,J.J. Barea,Mavericks,PG,55,+9.5,+3.0,+12.5,+5.6,+0.2,+5.8,+9.1,+2.6,+11.7,0.4
175,Kent Bazemore,Trail Blazers,"SG, SF",468,-2.4,+2.6,+0.2,-7.7,+1.2,-6.6,-3.7,+2.5,-1.2,0.4
176,Otto Porter Jr.,Bulls,SF,226,+0.8,-0.3,+0.5,+1.7,-1.6,+0.0,+1.1,-0.6,+0.5,0.4
177,Isaiah Hartenstein,Rockets,C,94,+0.7,+2.5,+3.2,+6.4,+4.9,+11.3,+1.8,+3.1,+4.9,0.4
178,Serge Ibaka,Raptors,"PF, C",226,-1.9,+3.9,+2.0,-3.8,-1.5,-5.3,-2.5,+2.9,+0.4,0.4
179,Zach Collins,Trail Blazers,"PF, C",86,-0.1,+4.5,+4.4,+5.2,+3.1,+8.2,+1.0,+4.5,+5.5,0.4
180,Yogi Ferrell,Kings,"PG, SG",195,-1.5,+2.0,+0.6,-6.2,+7.7,+1.5,-2.5,+3.4,+0.9,0.4
181,David Nwaba,Nets,SG,137,-0.4,+0.8,+0.5,+0.1,+9.0,+9.1,-0.4,+2.6,+2.3,0.4
182,Jevon Carter,Suns,PG,206,-0.7,+0.2,-0.5,-2.2,+7.3,+5.1,-1.1,+1.7,+0.6,0.3
183,Avery Bradley,Lakers,SG,274,-1.0,-0.2,-1.2,-1.1,+5.0,+3.9,-1.1,+0.8,-0.3,0.3
184,Dillon Brooks,Grizzlies,"SG, SF",554,-1.2,-2.2,-3.3,+3.7,+1.9,+5.7,-0.2,-1.4,-1.6,0.3
185,Joe Harris,Nets,"SG, SF",637,+0.4,-1.3,-0.9,-0.9,-4.0,-4.9,+0.2,-1.9,-1.8,0.3
186,Tyler Herro,Heat,SG,544,-0.1,-1.4,-1.6,-0.1,-1.1,-1.2,-0.1,-1.5,-1.6,0.3
187,Chandler Hutchison,Bulls,"SF, PF",154,-0.9,+2.5,+1.7,-7.0,+5.8,-1.2,-2.2,+3.4,+1.2,0.3
188,Blake Griffin,Pistons,PF,256,+1.3,-1.5,-0.2,+2.9,-3.4,-0.6,+1.7,-2.0,-0.3,0.3
189,De'Anthony Melton,Grizzlies,"PG, SG",104,+1.3,+2.5,+3.8,-2.2,+0.7,-1.5,+0.7,+2.4,+3.1,0.3
190,Tim Frazier,Pistons,PG,136,-2.0,+4.6,+2.6,-4.4,+2.1,-2.3,-2.7,+4.4,+1.7,0.3
191,Cameron Johnson,Suns,"SF, PF",317,+0.2,-0.9,-0.7,-5.1,+3.8,-1.4,-0.9,+0.1,-0.8,0.3
192,Alec Burks,Warriors,SG,553,+1.6,-3.2,-1.6,-4.5,+2.4,-2.1,+0.6,-2.2,-1.7,0.3
193,Deandre Ayton,Suns,C,33,-0.2,+13.7,+13.4,-0.1,+19.2,+19.1,-0.3,+15.7,+15.4,0.3
194,Ky Bowman,Warriors,PG,519,-1.7,-1.4,-3.0,+0.3,+3.8,+4.0,-1.3,-0.3,-1.6,0.3
195,Coby White,Bulls,"PG, SG",528,-1.7,-0.1,-1.9,-4.5,+3.9,-0.6,-2.4,+0.7,-1.6,0.3
196,Troy Brown Jr.,Wizards,"SG, SF",337,-1.0,+0.7,-0.2,-5.3,+0.7,-4.6,-2.0,+0.9,-1.1,0.3
197,Derrick Jones Jr.,Heat,"SF, PF",74,-0.3,+5.1,+4.8,+1.5,+2.6,+4.1,+0.0,+4.8,+4.8,0.3
198,Norman Powell,Raptors,SG,569,+0.2,-0.6,-0.4,-4.5,-1.9,-6.4,-0.8,-0.9,-1.8,0.3
199,TJ Leaf,Pacers,PF,158,+0.2,+0.9,+1.1,-6.6,+5.8,-0.8,-1.2,+1.9,+0.7,0.3
200,Kristaps Porzingis,Mavericks,PF,579,-2.6,+1.1,-1.5,-4.3,+2.3,-2.0,-3.3,+1.4,-1.8,0.3
201,Justin Jackson,Mavericks,SF,253,+2.3,-3.6,-1.3,+4.3,-1.6,+2.8,+2.8,-3.4,-0.6,0.3
202,Denzel Valentine,Bulls,"SG, SF",54,+2.7,+2.4,+5.1,-1.8,+13.6,+11.8,+2.0,+5.0,+7.0,0.3
203,Shai Gilgeous-Alexander,Thunder,"PG, SG",652,-1.0,-0.5,-1.5,+1.3,-4.5,-3.2,-0.6,-1.4,-2.0,0.3
204,LaMarcus Aldridge,Spurs,"PF, C",656,-1.0,+0.5,-0.5,-3.0,-4.6,-7.7,-1.5,-0.4,-2.0,0.3
205,Chris Clemons,Rockets,SG,127,+1.8,+0.5,+2.3,-1.7,-2.2,-3.9,+1.1,-0.0,+1.1,0.3
206,Bruno Fernando,Hawks,C,267,-1.7,-0.7,-2.4,-1.1,+6.0,+4.9,-1.7,+0.8,-0.9,0.3
207,Jordan McRae,Wizards,SG,235,+1.4,-2.3,-0.9,-2.1,+2.2,+0.1,+0.7,-1.4,-0.7,0.2
208,Terance Mann,Clippers,"SG, SF",146,-1.4,+1.2,-0.2,+0.6,+3.3,+4.0,-1.1,+1.6,+0.5,0.2
209,Matthew Dellavedova,Cavaliers,"PG, SG",235,-3.9,+2.9,-1.0,-7.4,+7.8,+0.4,-4.9,+4.2,-0.7,0.2
210,Damion Lee,Warriors,SG,241,-0.4,-0.6,-0.9,-1.1,+0.5,-0.6,-0.5,-0.3,-0.8,0.2
211,Brandon Clarke,Grizzlies,PF,381,+0.3,-1.6,-1.3,-1.6,-1.1,-2.7,-0.0,-1.5,-1.5,0.2
212,Willie Cauley-Stein,Warriors,C,426,-4.5,+3.1,-1.4,-2.7,-0.3,-3.0,-4.4,+2.7,-1.7,0.2
213,Kyle Anderson,Grizzlies,SF,348,+0.4,-0.9,-0.4,-3.2,-2.3,-5.4,-0.3,-1.1,-1.4,0.2
214,Naz Mitrou-Long,Pacers,"SG, SF",43,-1.0,+7.1,+6.1,-1.4,+15.0,+13.6,-1.1,+9.1,+8.0,0.2
215,Ed Davis,Jazz,C,108,-4.7,+7.2,+2.5,-11.1,+8.4,-2.8,-6.3,+7.8,+1.5,0.2
216,Robert Williams III,Celtics,C,237,-2.4,+2.4,+0.0,+3.6,-7.4,-3.8,-1.3,+0.4,-0.9,0.2
217,Bruno Caboclo,Grizzlies,"SG, SF",130,-5.1,+4.6,-0.5,-1.7,+6.1,+4.4,-4.7,+5.2,+0.6,0.2
218,Julius Randle,Knicks,PF,681,-1.8,-0.8,-2.6,+0.0,-0.2,-0.1,-1.4,-0.7,-2.1,0.2
219,E'Twaun Moore,Pelicans,SG,326,+0.6,-2.1,-1.5,-0.3,-0.5,-0.8,+0.4,-1.8,-1.4,0.2
220,Raul Neto,76ers,PG,213,-0.9,+1.4,+0.5,-4.8,-0.3,-5.1,-1.7,+1.0,-0.8,0.2
221,Bruce Brown,Pistons,SG,561,-4.0,+2.6,-1.3,-3.8,-0.4,-4.2,-4.2,+2.2,-2.0,0.2
222,Juancho Hernangomez,Nuggets,PF,142,-2.1,+1.9,-0.2,-0.5,+2.3,+1.8,-1.9,+2.0,+0.1,0.2
223,Meyers Leonard,Heat,C,376,-2.0,-0.9,-2.9,+1.3,+3.4,+4.7,-1.4,-0.2,-1.7,0.2
224,Pat Connaughton,Bucks,SG,342,+0.5,-0.8,-0.3,+0.3,-6.0,-5.7,+0.5,-2.0,-1.6,0.2
225,Jake Layman,Timberwolves,SF,369,-2.2,-1.4,-3.6,-0.0,+6.2,+6.2,-1.9,+0.1,-1.7,0.2
226,Nicolas Batum,Hornets,"SG, SF",235,-2.6,-0.0,-2.6,+2.0,+2.9,+4.9,-1.8,+0.6,-1.2,0.2
227,Chimezie Metu,Spurs,"PF, C",21,+13.4,+5.5,+18.9,-5.7,+1.3,-4.4,+10.2,+5.1,+15.3,0.2
228,CJ Miles,Wizards,SF,161,+0.7,-0.3,+0.4,+0.7,-5.1,-4.4,+0.7,-1.2,-0.5,0.2
229,Boban Marjanovic,Mavericks,C,108,+0.6,-2.8,-2.2,+14.4,-1.8,+12.6,+3.3,-2.8,+0.6,0.2
230,James Johnson,Heat,"SF, PF",68,-3.8,+4.9,+1.1,+5.9,+2.7,+8.6,-2.1,+4.6,+2.5,0.2
231,Matt Thomas,Raptors,SG,136,+1.0,-1.1,-0.1,-0.6,+0.5,-0.1,+0.7,-0.9,-0.2,0.2
232,RJ Barrett,Knicks,"SG, SF",649,-1.7,+0.1,-1.5,-4.0,-1.2,-5.2,-2.1,-0.1,-2.2,0.2
233,Svi Mykhailiuk,Pistons,"SG, SF",268,-0.7,-3.0,-3.6,+7.8,-0.1,+7.7,+1.0,-2.5,-1.5,0.2
234,Elfrid Payton,Knicks,PG,102,-2.0,+0.2,-1.7,+5.4,+3.6,+9.0,-0.5,+1.0,+0.5,0.2
235,Tremont Waters,Celtics,PG,20,+3.5,+6.9,+10.3,+20.0,+4.0,+24.0,+7.1,+6.6,+13.7,0.2
236,Derrick Favors,Pelicans,"PF, C",189,+0.2,-1.8,-1.6,+3.5,-2.2,+1.3,+0.8,-1.9,-1.1,0.2
237,Grayson Allen,Grizzlies,SG,184,-1.8,+0.7,-1.0,-7.1,+5.7,-1.4,-2.9,+1.9,-1.0,0.2
238,Damyean Dotson,Knicks,SG,278,+0.2,-2.1,-1.9,+1.8,-2.4,-0.6,+0.6,-2.2,-1.6,0.2
239,Ryan Broekhoff,Mavericks,"SG, SF",25,+4.4,+3.2,+7.7,+20.3,-6.5,+13.8,+7.8,+1.3,+9.1,0.2
240,Derrick White,Spurs,"PG, SG",480,+0.3,-1.8,-1.5,-2.4,-2.2,-4.6,-0.3,-1.9,-2.1,0.1
241,Chris Chiozza,Wizards,PG,48,-4.6,+5.9,+1.4,-13.8,+23.7,+9.9,-6.8,+10.1,+3.3,0.1
242,Dragan Bender,Bucks,PF,29,+3.4,+0.2,+3.6,+14.9,+3.3,+18.2,+5.9,+0.7,+6.6,0.1
243,Goga Bitadze,Pacers,C,201,-2.9,+0.9,-2.1,+1.2,+0.6,+1.8,-2.2,+0.8,-1.5,0.1
244,Admiral Schofield,Wizards,SF,59,+2.2,-1.5,+0.7,-6.9,+11.1,+4.2,+0.4,+1.1,+1.5,0.1
245,Steven Adams,Thunder,C,420,-0.5,-2.8,-3.3,+1.7,+1.2,+2.8,-0.1,-2.1,-2.2,0.1
246,Elie Okobo,Suns,PG,144,+3.1,-6.1,-3.0,+9.2,-1.9,+7.3,+4.6,-5.6,-1.0,0.1
247,Seth Curry,Mavericks,"PG, SG",377,+1.3,-2.8,-1.5,-1.2,-2.3,-3.5,+0.8,-2.9,-2.1,0.1
248,Jared Dudley,Lakers,PF,89,-0.3,+2.9,+2.7,-11.1,+0.6,-10.5,-2.5,+2.5,-0.0,0.1
249,Rajon Rondo,Lakers,PG,226,+2.7,-3.6,-0.9,-0.6,-3.6,-4.1,+2.1,-3.9,-1.7,0.1
250,Kentavious Caldwell-Pope,Lakers,SG,496,-1.3,-1.2,-2.6,+0.1,-0.2,-0.1,-1.1,-1.2,-2.3,0.1
251,Charles Brown Jr.,Hawks,SG,16,+2.7,+6.9,+9.6,+3.5,+11.8,+15.2,+3.1,+8.4,+11.6,0.1
252,Keita Bates-Diop,Timberwolves,"SF, PF",150,-0.6,-0.7,-1.3,-6.1,+5.4,-0.7,-1.7,+0.5,-1.2,0.1
253,DeMarre Carroll,Spurs,"SF, PF",120,-3.2,+0.8,-2.4,+3.3,+1.5,+4.8,-2.0,+1.1,-0.9,0.1
254,JaKarr Sampson,Pacers,SF,166,-4.0,+2.3,-1.7,-0.6,+0.8,+0.2,-3.5,+2.1,-1.4,0.1
255,Gary Trent Jr.,Trail Blazers,SG,93,+4.0,-2.4,+1.5,-0.6,-8.3,-8.9,+3.3,-3.8,-0.5,0.1
256,Tyson Chandler,Rockets,C,163,-2.5,-0.1,-2.6,+3.6,+0.7,+4.3,-1.5,+0.0,-1.5,0.1
257,Terry Rozier,Hornets,"PG, SG",712,+0.0,-0.1,-0.0,-6.1,-6.1,-12.2,-1.2,-1.3,-2.5,0.1
258,Lonnie Walker IV,Spurs,SG,116,-1.0,-1.1,-2.1,-3.0,+6.2,+3.2,-1.5,+0.4,-1.1,0.1
259,Darius Bazley,Thunder,"SF, PF",325,-4.4,+1.8,-2.6,-7.3,+7.6,+0.3,-5.3,+3.1,-2.2,0.1
260,Trey Burke,76ers,PG,122,+1.0,-1.9,-0.8,+0.5,-2.3,-1.8,+1.0,-2.1,-1.2,0.1
261,Noah Vonleh,Timberwolves,PF,177,-3.3,+1.5,-1.8,-2.8,+2.2,-0.7,-3.4,+1.7,-1.7,0.1
262,Alex Len,Hawks,C,334,-3.0,+2.6,-0.4,-10.9,+1.4,-9.5,-4.8,+2.6,-2.2,0.1
263,Max Strus,Bulls,SG,6,+13.6,-1.0,+12.7,+55.8,+19.2,+75.0,+23.4,+3.2,+26.6,0.1
264,Ty Jerome,Suns,"PG, SG",12,+3.8,+9.7,+13.5,-2.0,+3.5,+1.5,+2.8,+9.0,+11.8,0.1
265,Tony Snell,Pistons,"SG, SF",432,+0.8,-2.8,-2.0,+0.3,-3.5,-3.3,+0.8,-3.1,-2.3,0.1
266,Edmond Sumner,Pacers,SG,67,-0.8,+4.1,+3.2,-1.9,-12.4,-14.3,-1.0,+0.8,-0.2,0.1
267,Larry Nance Jr.,Cavaliers,"PF, C",467,+1.1,-2.4,-1.2,-1.3,-5.6,-6.8,+0.7,-3.1,-2.4,0.1
268,Trey Lyles,Spurs,PF,382,-0.4,-2.3,-2.7,+0.8,-1.2,-0.3,-0.2,-2.1,-2.3,0.1
269,DaQuan Jeffries,Kings,SF,11,-0.8,+11.0,+10.2,-8.8,+21.2,+12.4,-2.5,+13.9,+11.4,0.1
270,Mfiondu Kabengele,Clippers,C,23,+7.9,-3.2,+4.7,+5.9,-4.5,+1.5,+7.8,-3.8,+4.0,0.1
271,Daniel Gafford,Bulls,C,118,-1.1,-0.5,-1.6,-7.5,+6.3,-1.2,-2.5,+0.9,-1.6,0.1
272,Josh Magette,Magic,PG,8,+6.1,+11.0,+17.2,+3.8,-16.6,-12.8,+6.2,+6.0,+12.2,0.1
273,Jaxson Hayes,Pelicans,C,363,-1.8,-2.7,-4.4,+4.1,+2.2,+6.2,-0.7,-1.8,-2.4,0.1
274,Thanasis Antetokounmpo,Bucks,SF,25,+5.4,-5.1,+0.3,+10.4,-2.9,+7.5,+6.6,-5.1,+1.5,0.1
275,Nicolas Claxton,Nets,C,119,-2.1,+1.8,-0.4,-5.8,-1.8,-7.6,-3.1,+1.2,-1.9,0.1
276,Frank Mason,Bucks,PG,10,-0.7,+1.5,+0.8,+15.8,+17.8,+33.5,+2.5,+4.8,+7.3,0.1
277,Yuta Watanabe,Grizzlies,SF,3,+15.3,+4.2,+19.4,+6.1,+34.7,+40.8,+14.4,+10.9,+25.3,0.0
278,Jarrell Brantley,Jazz,PF,5,+5.0,-0.0,+5.0,+27.0,+17.4,+44.5,+10.0,+3.4,+13.5,0.0
279,Kadeem Allen,Knicks,PG,16,+2.4,+1.1,+3.5,+1.5,-6.8,-5.3,+2.6,-0.3,+2.3,0.0
280,Courtney Lee,Mavericks,SG,47,+1.5,-2.6,-1.1,+10.7,-10.3,+0.4,+3.4,-4.5,-1.1,0.0
281,T.J. McConnell,Pacers,PG,311,+0.5,-2.6,-2.0,-1.3,-2.5,-3.8,+0.2,-2.7,-2.6,0.0
282,Patrick McCaw,Raptors,SG,40,-0.6,+1.1,+0.6,-1.7,-7.1,-8.8,-0.9,-0.6,-1.5,0.0
283,Evan Turner,Hawks,"PG, SG, SF",174,-3.2,+0.3,-2.9,-7.9,+7.3,-0.6,-4.3,+1.9,-2.5,0.0
284,Derrick Walton Jr.,Clippers,PG,22,-4.7,+3.0,-1.7,+2.3,+3.2,+5.5,-3.6,+3.0,-0.5,0.0
285,Brian Bowen II,Pacers,SF,10,-7.4,+9.0,+1.6,-0.1,+3.1,+3.0,-6.3,+8.3,+2.0,0.0
286,Nassir Little,Trail Blazers,SF,223,-2.7,+0.3,-2.4,+1.1,-4.0,-2.9,-2.1,-0.5,-2.6,0.0
287,Amile Jefferson,Magic,PF,9,+9.4,-8.2,+1.2,-2.9,+2.4,-0.5,+7.5,-6.5,+1.0,0.0
288,Garrison Mathews,Wizards,SG,14,-5.0,+0.9,-4.1,-16.0,+31.2,+15.2,-7.7,+7.3,-0.4,0.0
289,Miye Oni,Jazz,SG,4,-14.5,+22.0,+7.5,-16.5,+8.8,-7.8,-15.8,+20.6,+4.8,0.0
290,Tyler Cook,Cavaliers,PF,17,+1.3,-1.4,-0.1,-5.8,+0.8,-5.0,-0.0,-0.9,-0.9,0.0
291,Kyle Korver,Bucks,"SG, PF",257,-1.5,-0.1,-1.6,-1.7,-4.2,-5.9,-1.7,-1.0,-2.7,0.0
292,Nickeil Alexander-Walker,Pelicans,SG,242,-2.8,-1.0,-3.8,+3.6,-1.5,+2.2,-1.6,-1.1,-2.7,0.0
293,Taj Gibson,Knicks,PF,311,-1.5,-0.8,-2.3,-0.9,-3.2,-4.1,-1.4,-1.3,-2.7,0.0
294,Dante Exum,Jazz,"PG, SG",59,-1.6,-0.2,-1.7,-11.0,+5.3,-5.7,-3.6,+1.0,-2.6,0.0
295,Romeo Langford,Celtics,"SG, SF",1,+1.3,+5.8,+7.1,-59.5,+0.8,-58.7,-11.4,+5.0,-6.4,0.0
296,Reggie Jackson,Pistons,PG,36,-1.9,-1.4,-3.3,-9.6,+9.4,-0.2,-3.6,+0.8,-2.8,-0.0
297,Dewan Hernandez,Raptors,PF,9,-3.1,-0.3,-3.4,+5.5,-6.7,-1.2,-1.7,-1.9,-3.6,-0.0
298,Alize Johnson,Pacers,"SF, PF",37,+3.4,-6.3,-2.9,+7.6,-10.0,-2.3,+4.5,-7.5,-3.0,-0.0
299,Brandon Goodwin,Hawks,PG,2,-25.2,+21.0,-4.2,-6.6,-13.3,-19.9,-22.9,+15.1,-7.8,-0.0
300,Jerome Robinson,Clippers,"SG, SF",205,-3.8,-1.0,-4.8,+2.2,+4.3,+6.5,-2.8,-0.0,-2.8,-0.0
301,Jaylen Hoard,Trail Blazers,PF,11,+6.8,-7.6,-0.8,-0.9,-15.0,-15.8,+5.6,-9.7,-4.1,-0.0
302,Juwan Morgan,Jazz,PF,3,-2.5,-6.9,-9.4,-15.6,+14.2,-1.3,-5.3,-3.0,-8.3,-0.0
303,Malcolm Miller,Raptors,SF,48,+2.1,-4.0,-1.9,-1.1,-5.1,-6.2,+1.5,-4.6,-3.1,-0.0
304,Bobby Portis,Knicks,"PF, C",458,-2.6,+0.7,-1.9,-4.3,-1.9,-6.2,-3.0,+0.3,-2.8,-0.0
305,Nigel Williams-Goss,Jazz,PG,15,-3.4,-1.3,-4.7,-8.7,+9.1,+0.4,-4.7,+0.8,-4.0,-0.0
306,Justin Robinson,Wizards,PG,12,-5.2,-6.8,-11.9,+1.9,+25.7,+27.6,-4.0,-0.3,-4.4,-0.0
307,Deonte Burton,Thunder,SG,93,-1.2,-1.5,-2.7,-2.0,-1.3,-3.3,-1.4,-1.6,-3.0,-0.0
308,Jalen McDaniels,Hornets,PF,3,+12.5,-24.5,-12.0,+4.6,-6.0,-1.4,+11.8,-22.0,-10.3,-0.0
309,Kostas Antetokounmpo,Lakers,"SF, PF",3,-3.2,-14.5,-17.7,+9.5,+10.2,+19.8,-0.7,-10.3,-11.1,-0.0
310,Sekou Doumbouya,Pistons,"SF, PF",9,-6.9,-5.8,-12.7,+12.5,+10.2,+22.7,-3.4,-2.8,-6.2,-0.0
311,Vlatko Cancar,Nuggets,SF,2,-10.0,-15.7,-25.8,-1.1,+15.8,+14.7,-8.6,-10.1,-18.7,-0.0
312,Doug McDermott,Pacers,SF,415,-1.6,-1.9,-3.5,-0.6,+1.6,+1.0,-1.5,-1.4,-2.8,-0.0
313,Al-Farouq Aminu,Magic,PF,380,-4.0,+2.5,-1.6,-10.1,+2.8,-7.3,-5.5,+2.6,-2.9,-0.0
314,Daryl Macon,Heat,PG,13,-9.2,+0.2,-9.0,-13.8,+22.7,+8.9,-10.8,+5.0,-5.8,-0.0
315,Udonis Haslem,Heat,PF,11,+1.3,-2.2,-1.0,-14.1,-11.5,-25.6,-2.0,-4.4,-6.4,-0.0
316,Jared Harper,Suns,PG,2,-12.9,-8.9,-21.8,-17.5,-1.5,-19.1,-14.8,-8.0,-22.8,-0.0
317,Henry Ellenson,Nets,PF,3,-1.1,-13.0,-14.1,-18.4,-3.4,-21.8,-5.0,-11.8,-16.8,-0.0
318,Monte Morris,Nuggets,PG,306,+0.2,-1.6,-1.4,-6.1,-2.2,-8.3,-1.1,-1.8,-2.9,-0.0
319,Javonte Green,Celtics,SF,84,-0.7,-1.4,-2.1,+0.6,-7.1,-6.5,-0.5,-2.8,-3.3,-0.0
320,Ryan Anderson,Rockets,PF,14,-9.0,-2.5,-11.5,+10.5,+8.0,+18.5,-5.5,-0.4,-5.8,-0.0
321,Stanton Kidd,Jazz,PF,15,-14.2,+8.0,-6.1,-8.1,+6.5,-1.6,-13.8,+8.0,-5.8,-0.0
322,Jaylen Nowell,Timberwolves,SG,15,-3.3,-1.2,-4.5,-20.0,+10.5,-9.5,-7.0,+1.1,-5.8,-0.0
323,Austin Rivers,Rockets,"PG, SG",495,+0.5,-2.5,-2.0,+3.6,-8.7,-5.1,+1.1,-4.0,-2.9,-0.0
324,Ish Smith,Wizards,PG,445,-1.2,-3.1,-4.3,+2.3,+1.2,+3.5,-0.6,-2.3,-2.9,-0.0
325,Norvel Pelle,76ers,C,13,-12.6,+8.8,-3.8,-22.4,+2.6,-19.9,-15.4,+7.9,-7.6,-0.0
326,John Konchar,Grizzlies,SG,7,-3.5,-6.0,-9.5,-4.7,-13.4,-18.1,-4.0,-7.8,-11.8,-0.0
327,Keldon Johnson,Spurs,SF,2,-21.5,-25.7,-47.2,-12.2,-0.1,-12.3,-20.8,-22.0,-42.8,-0.0
328,Jacob Evans,Warriors,"PG, SG, SF",43,+2.7,-5.4,-2.6,-1.5,-10.9,-12.4,+2.1,-6.8,-4.7,-0.0
329,Caleb Swanigan,Kings,PF,11,-12.5,-1.3,-13.8,-13.9,+22.3,+8.4,-13.5,+3.6,-9.9,-0.0
330,Khyri Thomas,Pistons,SG,6,-5.8,-6.2,-12.0,-51.8,+18.2,-33.6,-15.8,-1.5,-17.3,-0.0
331,John Henson,Cavaliers,C,22,-3.9,+1.8,-2.1,-7.1,-17.5,-24.6,-4.8,-1.9,-6.7,-0.0
332,Jarred Vanderbilt,Nuggets,"SF, PF",9,-9.1,-5.8,-14.9,+14.0,-17.2,-3.2,-4.7,-8.5,-13.2,-0.0
333,Dorian Finney-Smith,Mavericks,"SF, PF",539,-1.5,-1.6,-3.2,+2.8,-3.6,-0.8,-0.8,-2.2,-2.9,-0.0
334,Dean Wade,Cavaliers,PF,18,-5.6,-7.0,-12.6,+19.7,-8.2,+11.5,-0.6,-7.4,-8.0,-0.0
335,Zach Norvell Jr.,Lakers,SG,5,-10.3,-11.9,-22.2,-7.5,-9.9,-17.5,-10.4,-12.3,-22.6,-0.1
336,Jahlil Okafor,Pelicans,C,229,-0.9,-1.7,-2.6,-1.0,-3.9,-4.9,-1.0,-2.2,-3.2,-0.1
337,Ja Morant,Grizzlies,PG,488,+0.0,-3.8,-3.8,-0.4,+0.8,+0.5,+0.1,-3.0,-3.0,-0.1
338,KZ Okpala,Heat,"SF, PF",3,-15.4,-9.1,-24.5,-62.7,-1.7,-64.4,-26.3,-8.3,-34.6,-0.1
339,Chandler Parsons,Hawks,SF,35,-1.3,-0.9,-2.1,-6.7,-13.0,-19.7,-2.4,-3.4,-5.8,-0.1
340,Oshae Brissett,Raptors,SF,17,-5.1,-3.7,-8.8,+6.0,-14.2,-8.2,-3.2,-6.3,-9.4,-0.1
341,Tacko Fall,Celtics,C,4,-32.3,-0.4,-32.7,-13.8,+2.2,-11.6,-30.4,-0.1,-30.6,-0.1
342,Justin James,Kings,SG,132,-3.5,+0.3,-3.2,-9.8,+4.7,-5.0,-5.0,+1.3,-3.7,-0.1
343,Devon Hall,Thunder,SG,15,-4.8,-15.8,-20.6,+29.9,-0.2,+29.7,+2.2,-13.5,-11.2,-0.1
344,Aaron Gordon,Magic,PF,520,-2.1,-0.7,-2.8,-2.8,-0.1,-2.9,-2.3,-0.7,-3.0,-0.1
345,Josh Gray,Pelicans,PG,23,-8.2,+0.6,-7.6,-17.8,+9.8,-7.9,-10.7,+2.6,-8.1,-0.1
346,Jonah Bolden,76ers,"PF, C",5,-17.1,-0.3,-17.4,-27.5,-36.5,-64.0,-20.4,-8.0,-28.4,-0.1
347,Draymond Green,Warriors,PF,362,-1.4,-1.8,-3.3,-0.5,-1.5,-2.0,-1.3,-1.8,-3.1,-0.1
348,Wes Iwundu,Magic,SF,142,-4.4,+1.1,-3.4,-1.6,-2.5,-4.1,-4.1,+0.4,-3.7,-0.1
349,Thabo Sefolosha,Rockets,SF,185,-2.1,-0.3,-2.4,-1.3,-5.1,-6.4,-2.2,-1.3,-3.5,-0.1
350,Timothe Luwawu-Cabarrot,Nets,SG,6,-17.6,-9.3,-26.9,-21.1,+2.0,-19.1,-19.3,-7.5,-26.8,-0.1
351,Vince Carter,Hawks,SG,243,-2.7,-2.2,-5.0,-4.5,+8.4,+3.8,-3.2,-0.1,-3.3,-0.1
352,Moses Brown,Trail Blazers,C,15,-1.8,-7.4,-9.2,-4.8,-18.7,-23.6,-2.7,-10.3,-13.0,-0.1
353,Johnathan Motley,Clippers,"SF, PF",4,-9.2,-34.6,-43.8,-8.7,-9.5,-18.1,-9.8,-31.6,-41.4,-0.1
354,Stanley Johnson,Raptors,SF,19,-12.0,+2.6,-9.4,-16.3,+1.6,-14.7,-13.7,+2.5,-11.2,-0.1
355,Semi Ojeleye,Celtics,PF,249,-2.9,-0.2,-3.1,-2.6,-0.6,-3.1,-3.1,-0.3,-3.4,-0.1
356,Kyle O'Quinn,76ers,C,120,-1.0,-0.0,-1.0,-4.4,-10.6,-15.0,-1.8,-2.3,-4.1,-0.1
357,Michael Kidd-Gilchrist,Hornets,"SF, PF",18,-8.9,-3.1,-12.0,-16.9,+4.8,-12.1,-11.0,-1.5,-12.5,-0.1
358,Wayne Ellington,Knicks,SG,246,-2.1,-2.5,-4.6,-3.6,+5.0,+1.4,-2.5,-1.0,-3.5,-0.1
359,Gary Clark,Rockets,PF,72,-0.3,-7.9,-8.2,+5.8,+3.3,+9.2,+0.8,-6.1,-5.3,-0.1
360,Marvin Bagley III,Kings,"PF, C",28,-7.2,+0.9,-6.3,-11.8,-6.9,-18.7,-8.5,-0.6,-9.2,-0.1
361,Melvin Frazier Jr.,Magic,"SG, SF",8,-3.2,-23.8,-27.1,-2.3,-12.1,-14.4,-3.1,-22.8,-25.9,-0.1
362,Kevon Looney,Warriors,"PF, C",25,-8.0,-2.7,-10.7,-7.6,+1.4,-6.2,-8.4,-1.9,-10.3,-0.1
363,Torrey Craig,Nuggets,SF,187,-1.8,-0.7,-2.5,-4.8,-3.0,-7.8,-2.5,-1.3,-3.8,-0.1
364,Mike Scott,76ers,"SF, PF",400,-0.7,-2.8,-3.5,-1.4,+0.5,-0.9,-0.9,-2.3,-3.2,-0.1
365,Robin Lopez,Bucks,C,301,-4.3,+0.4,-3.9,+1.0,-0.5,+0.5,-3.5,+0.1,-3.4,-0.1
366,Thaddeus Young,Bulls,PF,448,-3.6,+1.1,-2.5,-6.0,+0.5,-5.5,-4.2,+1.0,-3.2,-0.1
367,Myles Turner,Pacers,C,373,-2.2,-1.2,-3.4,-0.1,-1.8,-1.9,-1.9,-1.5,-3.3,-0.1
368,Justin Patton,Thunder,C,9,-17.1,-11.6,-28.7,+4.3,-11.2,-6.9,-13.7,-12.2,-25.9,-0.1
369,Terrance Ferguson,Thunder,"SG, SF",465,-2.9,+0.7,-2.2,-1.5,-4.9,-6.4,-2.8,-0.4,-3.2,-0.1
370,Jordan Bone,Pistons,PG,6,-30.2,-10.4,-40.6,-22.9,+6.8,-16.1,-30.7,-7.4,-38.1,-0.1
371,Carmelo Anthony,Trail Blazers,PF,212,-0.1,-5.1,-5.2,+5.0,-2.1,+2.9,+0.9,-4.7,-3.8,-0.1
372,Caleb Martin,Hornets,SF,25,-11.7,+0.4,-11.3,-22.7,+12.0,-10.8,-14.6,+3.0,-11.7,-0.1
373,Shamorie Ponds,Raptors,PG,8,+6.2,-42.0,-35.8,+16.5,-22.1,-5.6,+8.6,-40.6,-32.0,-0.1
374,Glenn Robinson III,Warriors,"SG, SF",706,-1.0,-1.9,-2.9,+2.5,-5.8,-3.3,-0.4,-2.7,-3.1,-0.1
375,P.J. Washington,Hornets,PF,608,-0.8,-2.6,-3.3,-0.6,-1.7,-2.2,-0.7,-2.4,-3.2,-0.1
376,Lonzo Ball,Pelicans,PG,361,-1.1,-1.7,-2.8,-1.6,-3.5,-5.1,-1.3,-2.1,-3.4,-0.1
377,Brandon Knight,Cavaliers,"PG, SG",79,-3.4,-1.9,-5.3,+1.0,-8.2,-7.2,-2.6,-3.3,-5.9,-0.1
378,Ante Zizic,Cavaliers,C,70,-4.5,-2.2,-6.6,+0.1,-6.0,-5.9,-3.7,-3.0,-6.7,-0.1
379,Jordan Bell,Timberwolves,"PF, C",74,-5.5,+0.1,-5.4,-8.1,-1.2,-9.2,-6.3,-0.1,-6.5,-0.1
380,Malik Beasley,Nuggets,"SG, SF",216,-3.0,+0.9,-2.1,-2.9,-8.2,-11.0,-3.1,-1.0,-4.1,-0.2
381,Jaren Jackson Jr.,Grizzlies,"PF, C",508,-0.5,-1.0,-1.5,-0.5,-10.0,-10.4,-0.5,-2.9,-3.4,-0.2
382,Thon Maker,Pistons,"PF, C",218,-0.6,-2.6,-3.2,-1.4,-5.7,-7.1,-0.8,-3.3,-4.2,-0.2
383,Dewayne Dedmon,Kings,C,284,-5.5,+2.1,-3.5,-5.1,+0.7,-4.3,-5.8,+1.9,-3.8,-0.2
384,Abdel Nader,Thunder,SF,169,-3.7,-0.2,-3.9,-9.8,+3.4,-6.4,-5.1,+0.5,-4.7,-0.2
385,Maurice Harkless,Clippers,SF,487,-3.2,+0.4,-2.9,-3.7,-0.5,-4.2,-3.5,+0.1,-3.4,-0.2
386,Iman Shumpert,Nets,SG,167,-4.4,+0.4,-3.9,-6.8,+0.7,-6.2,-5.2,+0.5,-4.7,-0.2
387,Michael Porter Jr.,Nuggets,SF,90,-3.5,-0.3,-3.8,-9.1,-5.2,-14.3,-4.9,-1.4,-6.3,-0.2
388,Caris LeVert,Nets,"SG, SF",284,-3.5,-0.7,-4.2,-0.6,-1.3,-1.9,-3.1,-0.8,-3.9,-0.2
389,Georges Niang,Jazz,PF,152,+0.9,-5.6,-4.7,-10.0,+5.2,-4.7,-1.3,-3.7,-5.0,-0.2
390,Vincent Poirier,Celtics,C,31,-7.3,-9.8,-17.1,-2.0,+3.3,+1.3,-6.7,-7.8,-14.5,-0.2
391,Tyrone Wallace,Hawks,PG,156,-4.3,-1.0,-5.3,-9.0,+5.6,-3.3,-5.5,+0.4,-5.1,-0.2
392,Landry Shamet,Clippers,"SG, SF",294,-2.2,-1.4,-3.6,-2.0,-2.2,-4.2,-2.3,-1.8,-4.0,-0.2
393,Zylan Cheatham,Pelicans,PF,20,-8.1,-9.8,-17.9,-15.7,-17.3,-33.0,-10.2,-11.9,-22.1,-0.2
394,Damian Jones,Hawks,C,369,-0.7,-2.6,-3.2,+2.3,-7.6,-5.3,-0.1,-3.7,-3.8,-0.2
395,Ignas Brazdeikis,Knicks,"SF, PF",42,-7.4,-7.3,-14.7,+1.5,-1.0,+0.5,-5.8,-6.3,-12.1,-0.2
396,Willy Hernangomez,Hornets,C,57,-4.8,-2.7,-7.5,-11.8,-5.7,-17.5,-6.4,-3.3,-9.7,-0.2
397,Rodney McGruder,Clippers,"PG, SG",260,-2.2,-2.6,-4.8,+2.3,-3.1,-0.8,-1.4,-2.9,-4.3,-0.2
398,Troy Daniels,Lakers,SG,238,-1.5,-2.3,-3.8,-5.0,-0.9,-5.9,-2.3,-2.2,-4.5,-0.2
399,D.J. Wilson,Bucks,PF,102,-0.7,-7.4,-8.1,+5.4,-5.9,-0.5,+0.4,-7.7,-7.3,-0.2
400,D.J. Augustin,Magic,PG,513,-0.2,-2.5,-2.7,-6.8,+0.4,-6.4,-1.6,-2.1,-3.7,-0.2
401,Rodions Kurucs,Nets,"SF, PF",99,-8.8,+0.8,-8.0,-6.5,+3.8,-2.7,-8.9,+1.5,-7.3,-0.2
402,Dzanan Musa,Nets,"SG, SF, PF",240,-4.7,+1.0,-3.8,-6.8,-0.1,-6.9,-5.4,+0.8,-4.6,-0.2
403,Jeff Teague,Timberwolves,PG,434,+1.5,-5.4,-3.9,+0.6,-3.0,-2.4,+1.4,-5.3,-3.8,-0.2
404,De'Andre Hunter,Hawks,PF,665,-2.5,-2.8,-5.2,+6.6,-2.5,+4.1,-0.7,-2.8,-3.5,-0.3
405,Mario Hezonja,Trail Blazers,"SF, PF",336,-3.5,-1.2,-4.8,-4.7,+3.8,-1.0,-4.0,-0.2,-4.3,-0.3
406,Cory Joseph,Kings,PG,469,-3.2,-0.1,-3.3,-2.5,-2.8,-5.3,-3.2,-0.6,-3.9,-0.3
407,Kelan Martin,Timberwolves,SF,116,-4.8,-2.7,-7.5,-9.2,+4.7,-4.5,-5.9,-1.3,-7.3,-0.3
408,Harry Giles III,Kings,"PF, C",52,-8.5,-3.1,-11.6,-12.6,-2.1,-14.7,-9.8,-3.1,-12.9,-0.3
409,Wenyen Gabriel,Kings,PF,47,-4.8,-10.4,-15.2,-6.0,+0.6,-5.4,-5.2,-8.7,-13.9,-0.3
410,Tyus Jones,Grizzlies,PG,403,-1.8,-2.1,-3.9,-0.4,-3.8,-4.2,-1.6,-2.5,-4.1,-0.3
411,Drew Eubanks,Spurs,PF,31,-5.9,-9.8,-15.7,-15.9,-19.6,-35.6,-8.4,-12.3,-20.6,-0.3
412,Alfonzo McKinnie,Cavaliers,SF,155,-3.7,-4.3,-8.0,+3.5,-2.8,+0.7,-2.3,-4.2,-6.5,-0.3
413,Grant Williams,Celtics,PF,267,-7.5,+0.8,-6.7,-3.1,+7.4,+4.3,-7.1,+2.2,-4.9,-0.3
414,Jordan McLaughlin,Timberwolves,PG,57,-7.8,-4.7,-12.5,-11.2,-4.0,-15.1,-9.0,-4.9,-13.8,-0.3
415,De'Aaron Fox,Kings,PG,288,+1.1,-5.0,-3.9,+1.5,-9.5,-7.9,+1.3,-6.2,-4.9,-0.3
416,Theo Pinson,Nets,SG,167,-5.6,-1.2,-6.8,-5.8,+1.7,-4.1,-6.0,-0.6,-6.6,-0.3
417,Marco Belinelli,Spurs,SG,321,-2.6,-4.3,-6.9,+3.1,+1.9,+5.0,-1.6,-3.2,-4.8,-0.3
418,Anfernee Simons,Trail Blazers,SG,462,-1.0,-1.8,-2.8,-6.2,-2.4,-8.6,-2.1,-2.0,-4.1,-0.3
419,Trevor Ariza,Kings,"SF, PF",240,-3.9,-0.2,-4.1,-8.1,-1.4,-9.5,-5.1,-0.4,-5.5,-0.3
420,Jeff Green,Jazz,PF,394,-2.4,-0.3,-2.6,-7.5,-2.6,-10.1,-3.6,-0.8,-4.4,-0.3
421,Marko Guduric,Grizzlies,"SG, SF",313,-2.5,-2.7,-5.2,-0.6,-2.1,-2.7,-2.2,-2.7,-4.9,-0.3
422,Carsen Edwards,Celtics,SG,192,-3.7,-0.2,-4.0,-14.1,+0.0,-14.1,-6.2,-0.3,-6.4,-0.4
423,Allen Crabbe,Hawks,SG,189,-1.4,-3.9,-5.3,-10.7,+0.4,-10.3,-3.4,-3.2,-6.6,-0.4
424,Thomas Bryant,Wizards,C,511,-2.3,-0.5,-2.7,-3.9,-5.9,-9.7,-2.8,-1.5,-4.3,-0.4
425,Nicolo Melli,Pelicans,"PF, C",311,-1.5,-2.7,-4.2,-4.3,-4.3,-8.7,-2.2,-3.1,-5.3,-0.4
426,DeMar DeRozan,Spurs,SG,747,+1.2,-3.5,-2.4,-2.6,-6.2,-8.8,+0.4,-4.3,-3.9,-0.4
427,Markieff Morris,Pistons,PF,473,-0.6,-3.6,-4.2,-2.6,-2.1,-4.6,-1.1,-3.4,-4.5,-0.4
428,Kevin Huerter,Hawks,SG,225,-0.4,-6.2,-6.6,-3.4,-1.4,-4.7,-1.0,-5.5,-6.5,-0.4
429,Allonzo Trier,Knicks,SG,136,-0.9,-6.8,-7.7,-9.7,-2.6,-12.2,-2.7,-6.3,-9.0,-0.4
430,Joe Ingles,Jazz,SF,578,-1.3,-1.8,-3.1,-8.3,+0.5,-7.8,-2.8,-1.4,-4.3,-0.4
431,Shake Milton,76ers,SG,70,-12.4,-3.0,-15.4,-12.1,+1.9,-10.2,-13.1,-2.2,-15.4,-0.5
432,Furkan Korkmaz,76ers,SG,459,-1.0,-2.7,-3.7,-2.9,-4.5,-7.4,-1.5,-3.3,-4.7,-0.5
433,Treveon Graham,Timberwolves,"SG, SF",439,-3.5,+0.9,-2.6,-5.9,-6.8,-12.6,-4.2,-0.7,-4.9,-0.5
434,Emmanuel Mudiay,Jazz,"PG, SG",280,-4.3,-3.0,-7.2,-3.2,+3.6,+0.4,-4.3,-1.8,-6.1,-0.5
435,Anthony Tolliver,Trail Blazers,PF,271,-3.6,-1.0,-4.6,-6.1,-4.9,-11.0,-4.3,-1.9,-6.2,-0.5
436,Jarrett Culver,Timberwolves,"PG, SG, SF",450,-4.2,-2.0,-6.2,-0.6,+2.1,+1.5,-3.7,-1.3,-5.0,-0.5
437,Russell Westbrook,Rockets,PG,614,-1.4,-2.5,-3.9,-4.2,-0.6,-4.8,-2.1,-2.3,-4.4,-0.5
438,Bryn Forbes,Spurs,SG,600,+1.2,-5.1,-3.9,-0.7,-5.4,-6.1,+0.9,-5.5,-4.5,-0.5
439,Dennis Smith Jr.,Knicks,PG,250,-3.9,-1.8,-5.7,-7.4,-5.8,-13.2,-4.8,-2.7,-7.5,-0.6
440,Cody Zeller,Hornets,"PF, C",456,-0.7,-3.4,-4.1,-3.7,-6.3,-10.0,-1.3,-4.1,-5.4,-0.6
441,Frank Kaminsky,Suns,PF,449,-2.2,-2.6,-4.8,-4.2,-2.3,-6.6,-2.8,-2.7,-5.5,-0.6
442,Jerami Grant,Nuggets,"SF, PF",400,-1.3,-2.4,-3.7,-9.2,-4.2,-13.4,-3.0,-3.0,-6.0,-0.7
443,Luke Kornet,Bulls,"PF, C",126,-5.5,-8.4,-13.9,+0.4,-6.5,-6.1,-4.5,-8.6,-13.1,-0.7
444,Mo Bamba,Magic,C,276,-6.4,-1.4,-7.8,-7.8,+3.9,-3.9,-7.1,-0.5,-7.5,-0.7
445,Isaiah Thomas,Wizards,PG,424,+0.5,-6.0,-5.5,+2.0,-7.6,-5.6,+0.8,-6.6,-5.8,-0.7
446,Dwayne Bacon,Hornets,"SG, SF",334,-6.6,-0.4,-7.1,-6.9,+2.6,-4.3,-7.0,+0.2,-6.8,-0.7
447,Kyle Kuzma,Lakers,PF,380,-4.5,-2.4,-6.9,-1.7,-1.2,-2.8,-4.2,-2.4,-6.6,-0.7
448,Frank Jackson,Pelicans,PG,296,-1.2,-6.4,-7.6,+1.7,-7.5,-5.8,-0.7,-7.0,-7.7,-0.7
449,Tyler Johnson,Suns,"PG, SG",360,-3.0,-2.6,-5.6,-10.9,-0.2,-11.1,-4.9,-2.2,-7.1,-0.8
450,Kevin Knox II,Knicks,"SF, PF",402,-1.5,-4.1,-5.7,-6.1,-3.9,-10.0,-2.5,-4.3,-6.8,-0.8
451,Cam Reddish,Hawks,SF,430,-5.2,-0.2,-5.3,-11.4,+1.5,-9.9,-6.8,+0.2,-6.5,-0.8
452,Rui Hachimura,Wizards,PF,532,-0.9,-4.2,-5.1,+2.1,-9.5,-7.4,-0.4,-5.5,-5.9,-0.8
453,Eric Paschall,Warriors,PF,666,-0.7,-4.9,-5.7,+1.6,-5.3,-3.7,-0.2,-5.2,-5.5,-0.9
454,Jordan Poole,Warriors,"PG, SG",559,-4.2,-2.1,-6.3,-5.3,+1.8,-3.5,-4.6,-1.4,-6.0,-0.9
455,Lauri Markkanen,Bulls,PF,618,-2.4,-3.3,-5.7,-5.0,-0.0,-5.0,-3.0,-2.9,-5.9,-1.0
456,Kevin Porter Jr.,Cavaliers,SG,389,-2.4,-4.0,-6.4,-9.2,-4.3,-13.5,-4.0,-4.2,-8.2,-1.1
457,Eric Gordon,Rockets,"SG, SF",265,-6.4,-5.6,-12.0,-3.7,-7.6,-11.3,-6.3,-6.4,-12.6,-1.3
458,Miles Bridges,Hornets,"SF, PF",687,-1.6,-3.3,-4.8,-2.8,-10.7,-13.5,-1.9,-4.9,-6.8,-1.4
459,Darius Garland,Cavaliers,PG,563,-4.1,-3.6,-7.7,-1.8,-6.2,-8.1,-3.8,-4.3,-8.2,-1.6
