,Player,Pos,Age,Tm,G,GS,MP,FG,FGA,FG%,3P,3PA,3P%,2P,2PA,2P%,FT,FTA,FT%,ORB,DRB,TRB,AST,STL,BLK,TOV,PF,PTS,,ORtg,DRtg,url_list
0,Steven Adams,C,26,OKC,14,14,368,7.3,13.1,.560,0.0,0.0,,7.3,13.1,.560,1.8,4.6,.400,5.0,11.0,16.0,5.4,0.8,1.4,2.8,3.3,16.5,,113,107,https://www.basketball-reference.com/players/a/adamsst01.html
1,Bam Adebayo,C,22,MIA,17,17,551,7.7,12.8,.601,0.1,0.5,.167,7.6,12.2,.620,5.8,8.9,.650,3.3,11.9,15.2,6.6,2.3,1.8,4.1,3.6,21.2,,118,99,https://www.basketball-reference.com/players/a/adebaba01.html
2,LaMarcus Aldridge,C,34,SAS,19,19,625,11.2,21.5,.523,0.8,2.3,.367,10.4,19.2,.542,4.0,4.9,.828,3.0,6.5,9.6,3.3,0.9,2.4,2.5,3.1,27.4,,115,113,https://www.basketball-reference.com/players/a/aldrila01.html
3,Nickeil Alexander-Walker,SG,21,NOP,16,0,230,7.2,22.3,.321,4.2,12.2,.344,3.0,10.2,.294,2.0,2.8,.714,0.4,6.8,7.2,7.2,1.0,0.4,4.0,5.2,20.5,,90,116,https://www.basketball-reference.com/players/a/alexani01.html
4,Grayson Allen,SG,24,MEM,7,0,115,5.6,18.5,.304,2.0,8.8,.227,3.6,9.6,.375,4.0,4.8,.833,0.4,6.4,6.8,5.2,0.8,0.0,3.6,4.8,17.3,,84,116,https://www.basketball-reference.com/players/a/allengr01.html
5,Jarrett Allen,C,21,BRK,18,15,479,8.0,11.7,.683,0.0,0.1,.000,8.0,11.6,.689,4.8,8.2,.583,5.9,12.1,18.1,1.9,1.2,2.3,2.0,4.2,20.7,,133,105,https://www.basketball-reference.com/players/a/allenja01.html
6,Al-Farouq Aminu,PF,29,ORL,17,2,362,3.1,10.7,.291,1.1,4.5,.242,2.0,6.2,.326,2.6,3.9,.655,3.1,8.4,11.5,2.7,2.2,1.1,2.0,3.7,9.9,,89,104,https://www.basketball-reference.com/players/a/aminual01.html
7,Kyle Anderson,PF,26,MEM,16,0,334,6.5,12.6,.516,0.6,2.2,.250,5.9,10.4,.573,2.2,3.9,.571,2.1,8.0,10.1,5.8,1.7,1.7,2.1,4.0,15.7,,113,111,https://www.basketball-reference.com/players/a/anderky01.html
8,Ryan Anderson,PF,31,HOU,2,0,14,6.5,22.8,.286,3.3,16.3,.200,3.3,6.5,.500,0.0,0.0,,0.0,22.8,22.8,6.5,3.3,0.0,3.3,3.3,16.3,,78,97,https://www.basketball-reference.com/players/a/anderry01.html
9,Giannis Antetokounmpo,PF,25,MIL,18,18,595,15.6,27.8,.560,1.9,6.5,.294,13.7,21.4,.641,9.4,16.0,.588,3.6,15.1,18.7,8.5,2.1,2.0,5.9,4.9,42.5,,116,97,https://www.basketball-reference.com/players/a/antetgi01.html
10,Kostas Antetokounmpo,PF,22,LAL,2,0,3,0.0,0.0,,0.0,0.0,,0.0,0.0,,0.0,0.0,,0.0,16.0,16.0,0.0,0.0,0.0,0.0,0.0,0.0,,,104,https://www.basketball-reference.com/players/a/antetko01.html
11,Thanasis Antetokounmpo,SF,27,MIL,3,0,13,7.0,13.9,.500,0.0,0.0,,7.0,13.9,.500,0.0,0.0,,7.0,0.0,7.0,3.5,0.0,0.0,3.5,7.0,13.9,,105,113,https://www.basketball-reference.com/players/a/antetth01.html
12,Carmelo Anthony,PF,35,POR,5,5,146,10.9,24.0,.453,2.9,7.7,.375,8.0,16.3,.490,1.9,2.6,.750,1.3,6.7,8.0,2.9,1.0,0.3,4.2,5.8,26.5,,96,113,https://www.basketball-reference.com/players/a/anthoca01.html
13,OG Anunoby,SF,22,TOR,16,16,476,7.5,13.9,.540,3.1,6.2,.500,4.4,7.7,.571,0.9,1.6,.563,1.6,7.3,8.9,2.4,1.6,1.5,1.9,3.6,19.0,,118,103,https://www.basketball-reference.com/players/a/anunoog01.html
14,Ryan Arcidiacono,PG,25,CHI,19,0,325,4.0,10.1,.400,2.6,6.1,.429,1.4,4.0,.357,2.0,2.7,.737,1.4,3.5,4.9,5.0,1.6,0.1,1.4,5.5,12.7,,118,111,https://www.basketball-reference.com/players/a/arcidry01.html
15,Trevor Ariza,SF,34,SAC,11,0,227,3.2,9.1,.357,2.6,6.9,.375,0.6,2.2,.300,0.9,1.1,.800,0.9,7.4,8.2,1.9,1.9,0.0,1.5,4.1,9.9,,101,111,https://www.basketball-reference.com/players/a/arizatr01.html
16,D.J. Augustin,PG,32,ORL,17,5,433,6.4,16.3,.389,1.8,5.9,.308,4.5,10.4,.435,3.6,4.2,.865,0.8,3.2,4.0,9.2,1.1,0.0,2.4,2.0,18.2,,108,111,https://www.basketball-reference.com/players/a/augusdj01.html
17,Deandre Ayton,C,21,PHO,1,1,33,12.7,19.8,.643,0.0,0.0,,12.7,19.8,.643,0.0,0.0,,4.2,11.3,15.6,0.0,1.4,5.7,0.0,2.8,25.5,,129,100,https://www.basketball-reference.com/players/a/aytonde01.html
18,Dwayne Bacon,SG,24,CHO,14,10,298,6.8,20.6,.331,1.5,5.7,.257,5.3,14.9,.359,2.9,4.2,.692,1.1,4.9,6.0,3.1,1.9,0.3,2.9,4.2,18.0,,81,114,https://www.basketball-reference.com/players/b/bacondw01.html
19,Marvin Bagley,PF,20,SAC,1,1,28,10.5,28.1,.375,0.0,0.0,,10.5,28.1,.375,3.5,7.0,.500,7.0,10.5,17.5,0.0,1.8,1.8,1.8,1.8,24.5,,88,107,https://www.basketball-reference.com/players/b/baglema01.html
20,,,,,,,,,,,,,,,,,,,,,,,,,,,,,,,,Error on row 20
21,Lonzo Ball,PG,22,NOP,11,8,298,7.1,18.3,.387,3.7,10.8,.343,3.4,7.5,.449,0.9,1.5,.600,1.5,5.4,6.9,9.7,2.2,0.3,4.0,3.1,18.8,,103,114,https://www.basketball-reference.com/players/b/balllo01.html
22,Mo Bamba,C,21,ORL,15,0,226,6.7,17.2,.392,2.4,6.3,.379,4.4,10.9,.400,0.4,1.3,.333,4.1,11.7,15.9,2.0,1.1,4.4,4.1,7.2,16.3,,85,100,https://www.basketball-reference.com/players/b/bambamo01.html
23,J.J. Barea,PG,35,DAL,3,0,44,14.1,27.2,.520,7.6,10.9,.700,6.5,16.3,.400,2.2,2.2,1.000,1.1,3.3,4.4,6.5,2.2,1.1,4.4,1.1,38.1,,121,110,https://www.basketball-reference.com/players/b/bareajo01.html
24,Harrison Barnes,PF,27,SAC,17,17,586,7.8,15.7,.497,2.3,5.7,.397,5.5,10.0,.555,4.9,6.2,.784,1.5,5.6,7.1,3.0,1.3,0.3,1.8,1.9,22.7,,122,113,https://www.basketball-reference.com/players/b/barneha02.html
25,RJ Barrett,SG,19,NYK,17,17,565,8.4,20.8,.404,1.6,4.9,.333,6.8,15.9,.426,3.9,7.7,.506,1.9,6.3,8.2,5.3,2.2,0.6,4.1,3.7,22.4,,93,112,https://www.basketball-reference.com/players/b/barrerj01.html
26,Will Barton,SF,29,DEN,14,14,451,8.8,19.1,.460,3.0,6.7,.452,5.7,12.3,.465,2.9,3.9,.750,2.9,7.7,10.6,5.1,1.4,0.8,1.9,3.1,23.5,,117,103,https://www.basketball-reference.com/players/b/bartowi01.html
27,Keita Bates-Diop,SF,24,MIN,7,0,125,8.5,15.1,.561,4.0,8.8,.458,4.4,6.2,.706,1.8,2.9,.625,1.8,5.1,7.0,0.7,1.1,1.5,1.1,2.9,22.8,,130,110,https://www.basketball-reference.com/players/b/bateske01.html
28,Nicolas Batum,SF,31,CHO,8,0,185,2.9,7.0,.407,1.8,5.5,.333,1.0,1.6,.667,1.3,1.3,1.000,1.8,8.1,9.9,8.1,1.3,1.3,3.4,4.2,8.9,,111,112,https://www.basketball-reference.com/players/b/batumni01.html
29,Aron Baynes,C,33,PHO,12,11,288,10.4,18.5,.561,3.7,8.4,.442,6.6,10.1,.661,3.7,5.2,.719,2.9,7.9,10.9,6.0,0.6,1.5,2.1,7.6,28.2,,131,109,https://www.basketball-reference.com/players/b/baynear01.html
30,Kent Bazemore,SF,30,POR,19,2,433,5.1,15.2,.333,2.4,7.2,.328,2.7,8.0,.338,2.8,3.7,.765,0.9,8.2,9.1,4.0,1.7,1.5,3.0,6.3,15.3,,91,109,https://www.basketball-reference.com/players/b/bazemke01.html
31,Darius Bazley,PF,19,OKC,17,0,295,4.7,10.9,.433,2.1,5.7,.371,2.6,5.2,.500,1.3,2.3,.571,1.1,9.3,10.5,1.5,1.0,1.1,2.3,2.6,12.9,,96,108,https://www.basketball-reference.com/players/b/bazleda01.html
32,Bradley Beal,SG,26,WAS,16,16,592,12.8,26.9,.476,3.6,10.3,.353,9.2,16.6,.551,6.7,8.1,.819,1.2,4.3,5.4,8.7,1.2,0.3,4.0,3.2,35.9,,116,118,https://www.basketball-reference.com/players/b/bealbr01.html
33,Malik Beasley,SG,23,DEN,12,0,183,7.2,18.7,.386,4.0,9.3,.429,3.2,9.3,.343,1.3,1.3,1.000,1.1,4.0,5.1,3.2,1.9,0.5,4.0,4.3,19.8,,91,104,https://www.basketball-reference.com/players/b/beaslma01.html
34,Marco Belinelli,SG,33,SAS,18,0,293,5.2,18.0,.288,2.6,8.8,.296,2.6,9.2,.281,1.6,2.6,.625,0.2,4.1,4.2,4.5,0.8,0.0,1.5,2.3,14.6,,85,118,https://www.basketball-reference.com/players/b/belinma01.html
35,Jordan Bell,C,25,MIN,9,0,74,6.8,11.8,.579,0.0,1.9,.000,6.8,9.9,.688,4.3,6.8,.636,5.6,14.3,19.9,3.7,0.0,1.9,7.5,3.7,18.0,,95,106,https://www.basketball-reference.com/players/b/belljo01.html
36,DeAndre' Bembry,SG,25,ATL,18,2,454,6.0,10.9,.547,0.8,2.2,.381,5.1,8.7,.588,1.4,3.3,.438,1.7,5.9,7.6,5.5,2.9,0.7,3.1,4.1,14.2,,106,112,https://www.basketball-reference.com/players/b/bembrde01.html
37,Dragan Bender,SF,22,MIL,1,0,2,0.0,0.0,,0.0,0.0,,0.0,0.0,,0.0,0.0,,0.0,0.0,0.0,22.6,0.0,22.6,22.6,22.6,0.0,,47,80,https://www.basketball-reference.com/players/b/bendedr01.html
38,Dāvis Bertāns,PF,27,WAS,16,0,441,7.3,16.0,.455,5.6,12.7,.443,1.7,3.3,.500,1.9,2.2,.857,1.3,6.4,7.6,3.0,0.9,0.8,1.1,4.2,22.1,,127,117,https://www.basketball-reference.com/players/b/bertada01.html
39,Patrick Beverley,PG,31,LAC,17,17,507,4.3,11.8,.367,1.8,6.8,.270,2.5,5.0,.500,1.0,1.8,.579,2.0,8.0,10.1,5.4,2.3,1.1,2.5,6.2,11.6,,99,102,https://www.basketball-reference.com/players/b/beverpa01.html
40,Khem Birch,C,27,ORL,8,3,145,4.4,8.5,.520,0.0,0.3,.000,4.4,8.1,.542,2.7,5.8,.471,3.7,6.1,9.8,0.7,0.7,0.3,1.0,5.8,11.5,,111,110,https://www.basketball-reference.com/players/b/birchkh01.html
41,,,,,,,,,,,,,,,,,,,,,,,,,,,,,,,,Error on row 41
42,Goga Bitadze,C,20,IND,12,2,189,6.7,13.6,.491,1.0,2.8,.364,5.6,10.7,.524,3.6,4.9,.737,4.1,7.7,11.8,3.6,0.3,4.6,2.3,7.2,17.9,,116,102,https://www.basketball-reference.com/players/b/bitadgo01.html
43,Bismack Biyombo,C,27,CHO,17,2,264,9.5,15.0,.634,0.0,0.0,,9.5,15.0,.634,5.9,10.4,.561,4.4,7.5,11.9,2.2,1.1,2.2,1.6,6.2,24.9,,127,112,https://www.basketball-reference.com/players/b/biyombi01.html
44,Nemanja Bjelica,PF,31,SAC,17,16,443,7.4,15.5,.479,3.2,7.9,.408,4.2,7.6,.551,1.0,1.1,.900,3.2,8.8,12.0,4.4,1.8,0.8,2.8,5.4,19.1,,115,109,https://www.basketball-reference.com/players/b/bjeline01.html
45,Eric Bledsoe,PG,30,MIL,18,18,501,10.3,22.4,.460,2.1,6.8,.307,8.2,15.6,.526,4.7,6.0,.788,1.7,6.7,8.4,8.9,1.4,0.6,3.7,4.4,27.4,,112,105,https://www.basketball-reference.com/players/b/bledser01.html
46,Bogdan Bogdanović,SG,27,SAC,16,0,445,9.4,22.5,.417,5.1,12.9,.393,4.3,9.6,.448,3.2,4.4,.725,0.2,4.5,4.7,8.5,2.8,0.2,3.2,3.3,27.0,,111,110,https://www.basketball-reference.com/players/b/bogdabo01.html
47,Bojan Bogdanović,SF,30,UTA,17,17,565,10.6,22.1,.479,4.7,10.0,.466,5.9,12.1,.490,5.1,5.7,.882,0.9,5.1,6.0,3.1,1.1,0.3,4.0,2.9,30.9,,111,107,https://www.basketball-reference.com/players/b/bogdabo02.html
48,Jonah Bolden,PF,24,PHI,2,0,5,9.6,9.6,1.000,0.0,0.0,,9.6,9.6,1.000,0.0,19.2,.000,0.0,0.0,0.0,0.0,9.6,0.0,9.6,0.0,19.2,,46,91,https://www.basketball-reference.com/players/b/boldejo01.html
49,Jordan Bone,PG,22,DET,3,0,6,16.1,40.3,.400,0.0,8.1,.000,16.1,32.3,.500,0.0,0.0,,0.0,0.0,0.0,0.0,0.0,0.0,16.1,16.1,32.3,,52,118,https://www.basketball-reference.com/players/b/bonejo01.html
50,Isaac Bonga,SF,20,WAS,11,7,162,4.5,9.1,.500,0.6,1.7,.333,4.0,7.4,.538,1.7,2.6,.667,2.0,6.0,7.9,3.7,2.0,0.6,1.7,6.2,11.3,,113,115,https://www.basketball-reference.com/players/b/bongais01.html
51,Devin Booker,SG,23,PHO,17,17,600,11.8,22.9,.517,3.0,7.0,.422,8.9,15.9,.559,6.3,6.6,.953,0.5,4.2,4.7,8.2,0.7,0.5,5.5,4.3,32.9,,113,112,https://www.basketball-reference.com/players/b/bookede01.html
52,Chris Boucher,PF,27,TOR,15,0,202,8.0,17.9,.447,1.9,6.1,.308,6.1,11.8,.520,4.0,5.4,.739,8.7,9.2,17.9,2.1,1.2,3.1,1.4,6.1,21.9,,123,100,https://www.basketball-reference.com/players/b/bouchch01.html
53,Brian Bowen,SG,21,IND,3,0,10,4.8,19.3,.250,0.0,4.8,.000,4.8,14.5,.333,0.0,0.0,,0.0,4.8,4.8,0.0,0.0,4.8,0.0,0.0,9.7,,55,104,https://www.basketball-reference.com/players/b/bowenbr02.html
54,Ky Bowman,PG,22,GSW,19,6,421,7.5,16.0,.472,2.3,5.3,.426,5.3,10.7,.495,1.6,1.7,.933,0.9,3.9,4.8,5.5,2.1,0.2,2.1,4.1,18.9,,111,115,https://www.basketball-reference.com/players/b/bowmaky01.html
55,Avery Bradley,SG,29,LAL,10,10,274,7.2,14.7,.488,1.4,4.9,.286,5.8,9.8,.589,1.0,1.4,.750,1.2,4.4,5.6,3.1,1.7,0.2,1.9,4.5,16.8,,107,106,https://www.basketball-reference.com/players/b/bradlav01.html
56,Tony Bradley,C,22,UTA,13,2,142,9.1,13.8,.659,0.0,0.0,,9.1,13.8,.659,3.0,4.7,.643,6.4,10.4,16.8,1.3,0.7,2.4,2.4,8.7,21.2,,128,102,https://www.basketball-reference.com/players/b/bradlto01.html
57,Jarrell Brantley,PF,23,UTA,1,0,5,0.0,0.0,,0.0,0.0,,0.0,0.0,,0.0,0.0,,0.0,28.7,28.7,9.6,0.0,9.6,0.0,0.0,0.0,,232,84,https://www.basketball-reference.com/players/b/brantja01.html
58,Ignas Brazdeikis,SF,21,NYK,5,0,24,6.1,20.4,.300,0.0,4.1,.000,6.1,16.3,.375,4.1,4.1,1.000,2.0,0.0,2.0,2.0,0.0,2.0,4.1,4.1,16.3,,74,119,https://www.basketball-reference.com/players/b/brazdig01.html
59,Mikal Bridges,SF,23,PHO,17,0,340,4.5,10.4,.434,0.7,3.6,.192,3.8,6.9,.560,3.3,4.0,.828,1.8,6.6,8.4,2.5,3.4,0.7,1.1,3.8,13.0,,113,105,https://www.basketball-reference.com/players/b/bridgmi01.html
60,Miles Bridges,SF,21,CHO,19,19,600,7.8,16.8,.464,2.4,6.8,.353,5.4,10.0,.540,1.4,1.9,.750,1.9,6.2,8.1,3.0,0.9,1.1,2.6,3.0,19.5,,104,114,https://www.basketball-reference.com/players/b/bridgmi02.html
61,Oshae Brissett,SF,21,TOR,3,0,13,3.7,11.0,.333,3.7,3.7,1.000,0.0,7.3,.000,0.0,0.0,,0.0,3.7,3.7,3.7,3.7,0.0,0.0,0.0,11.0,,115,103,https://www.basketball-reference.com/players/b/brissos01.html
62,,,,,,,,,,,,,,,,,,,,,,,,,,,,,,,,Error on row 62
63,Ryan Broekhoff,SG,29,DAL,4,0,25,7.7,15.3,.500,7.7,9.6,.800,0.0,5.7,.000,0.0,0.0,,0.0,9.6,9.6,5.7,1.9,0.0,1.9,1.9,23.0,,138,108,https://www.basketball-reference.com/players/b/broekry01.html
64,Malcolm Brogdon,PG,27,IND,14,14,432,11.1,23.4,.474,2.2,6.8,.328,8.8,16.6,.534,5.4,5.6,.960,1.0,6.6,7.6,12.8,1.5,0.3,4.4,3.2,29.8,,116,105,https://www.basketball-reference.com/players/b/brogdma01.html
65,Dillon Brooks,SG,24,MEM,17,17,465,7.7,19.8,.390,2.9,7.6,.377,4.9,12.2,.398,3.2,3.8,.842,1.8,4.0,5.8,3.5,1.8,0.7,2.5,6.5,21.5,,100,114,https://www.basketball-reference.com/players/b/brookdi01.html
66,Bruce Brown,SG,23,DET,18,14,489,5.4,12.6,.433,1.0,2.9,.345,4.5,9.7,.459,1.8,3.3,.545,1.5,5.6,7.1,6.4,1.9,1.0,3.6,5.1,13.7,,96,110,https://www.basketball-reference.com/players/b/brownbr01.html
67,Charlie Brown,SG,22,ATL,4,0,16,2.9,8.8,.333,2.9,2.9,1.000,0.0,5.8,.000,11.7,11.7,1.000,5.8,2.9,8.8,0.0,0.0,2.9,0.0,0.0,20.4,,169,118,https://www.basketball-reference.com/players/b/brownch02.html
68,Jaylen Brown,SF,23,BOS,14,14,466,10.5,21.8,.483,2.6,7.1,.362,7.9,14.6,.542,4.4,6.0,.741,1.5,9.1,10.6,3.1,1.8,0.4,2.3,4.5,28.1,,112,103,https://www.basketball-reference.com/players/b/brownja02.html
69,Moses Brown,C,20,POR,4,0,15,9.3,21.8,.429,0.0,0.0,,9.3,21.8,.429,6.2,12.5,.500,6.2,21.8,28.0,0.0,3.1,0.0,3.1,12.5,24.9,,95,99,https://www.basketball-reference.com/players/b/brownmo01.html
70,Sterling Brown,SF,24,MIL,15,0,255,5.5,13.1,.419,2.7,7.1,.375,2.8,6.0,.471,1.8,2.3,.769,2.0,11.4,13.3,3.9,1.4,0.4,2.7,3.7,15.4,,106,103,https://www.basketball-reference.com/players/b/brownst02.html
71,Troy Brown,SG,20,WAS,13,9,275,6.0,13.9,.434,1.2,3.8,.304,4.8,10.0,.483,1.5,1.7,.900,2.8,7.2,10.0,4.5,2.3,0.2,2.5,2.3,14.7,,104,114,https://www.basketball-reference.com/players/b/browntr01.html
72,Jalen Brunson,PG,23,DAL,17,3,295,8.3,17.5,.472,1.5,5.4,.273,6.8,12.2,.560,2.9,4.4,.667,1.6,5.7,7.3,8.1,1.6,0.0,2.9,3.4,20.9,,112,111,https://www.basketball-reference.com/players/b/brunsja01.html
73,Thomas Bryant,C,22,WAS,16,16,458,9.6,16.8,.575,1.0,3.4,.294,8.6,13.3,.647,3.5,4.5,.778,3.8,10.2,14.0,4.2,0.8,1.8,2.2,3.9,23.8,,126,114,https://www.basketball-reference.com/players/b/bryanth01.html
74,Trey Burke,PG,27,PHI,6,0,105,6.4,18.7,.341,1.8,4.6,.400,4.6,14.1,.323,2.7,3.6,.750,1.8,3.2,5.0,9.1,0.9,0.5,0.9,2.3,17.3,,108,108,https://www.basketball-reference.com/players/b/burketr01.html
75,Alec Burks,SG,28,GSW,16,7,454,8.0,19.9,.403,2.4,6.8,.354,5.6,13.1,.429,6.5,7.2,.899,0.9,6.9,7.8,4.7,1.4,0.6,2.4,3.7,24.9,,109,115,https://www.basketball-reference.com/players/b/burksal01.html
76,Deonte Burton,SG,26,OKC,9,0,75,7.7,19.3,.400,3.2,10.3,.313,4.5,9.0,.500,1.3,1.3,1.000,1.3,9.6,10.9,1.3,0.6,0.0,1.9,5.1,19.9,,95,110,https://www.basketball-reference.com/players/b/burtode02.html
77,Jimmy Butler,SF,30,MIA,13,13,438,7.8,17.9,.436,1.0,3.8,.257,6.8,14.1,.485,10.1,11.6,.869,2.7,4.9,7.6,9.4,3.7,1.2,3.6,1.7,26.7,,122,100,https://www.basketball-reference.com/players/b/butleji01.html
78,Bruno Caboclo,SF,24,MEM,10,0,87,7.4,17.0,.438,1.6,6.9,.231,5.8,10.1,.579,0.0,0.0,,3.2,6.4,9.5,2.7,2.1,4.2,2.1,6.4,16.4,,98,108,https://www.basketball-reference.com/players/c/cabocbr01.html
79,Kentavious Caldwell-Pope,SG,26,LAL,18,8,412,6.5,14.4,.452,2.6,6.2,.415,4.0,8.3,.479,1.6,2.1,.778,1.0,3.5,4.5,2.8,1.5,0.3,1.7,3.5,17.2,,109,107,https://www.basketball-reference.com/players/c/caldwke01.html
80,Vlatko Čančar,SF,22,DEN,1,0,2,0.0,0.0,,0.0,0.0,,0.0,0.0,,0.0,0.0,,0.0,0.0,0.0,0.0,0.0,0.0,0.0,0.0,0.0,,,112,https://www.basketball-reference.com/players/c/cancavl01.html
81,Clint Capela,C,25,HOU,15,15,478,9.6,15.0,.637,0.0,0.0,,9.6,15.0,.637,1.8,4.1,.442,5.4,15.7,21.0,1.4,1.2,2.9,2.2,4.1,20.9,,122,102,https://www.basketball-reference.com/players/c/capelca01.html
82,DeMarre Carroll,SF,33,SAS,9,0,100,3.3,10.4,.318,1.4,5.2,.273,1.9,5.2,.364,1.9,1.9,1.000,3.3,9.0,12.3,4.3,0.5,0.9,2.4,6.6,10.0,,99,115,https://www.basketball-reference.com/players/c/carrode01.html
83,,,,,,,,,,,,,,,,,,,,,,,,,,,,,,,,Error on row 83
84,Jevon Carter,PG,24,PHO,13,2,196,4.8,11.7,.408,2.9,7.1,.400,1.9,4.5,.421,1.0,1.0,1.000,0.7,5.2,6.0,5.7,2.9,1.2,3.6,5.0,13.3,,98,106,https://www.basketball-reference.com/players/c/carteje01.html
85,Vince Carter,SF,43,ATL,13,0,202,6.2,17.1,.365,2.8,11.1,.250,3.5,6.0,.577,1.2,1.4,.833,0.7,6.0,6.7,1.8,0.9,0.7,2.1,5.5,16.4,,90,116,https://www.basketball-reference.com/players/c/cartevi01.html
86,Wendell Carter,C,20,CHI,19,19,545,7.9,13.6,.582,0.2,1.0,.167,7.7,12.6,.616,4.5,6.4,.693,6.1,9.8,15.9,1.5,0.9,1.4,2.2,6.6,20.5,,123,107,https://www.basketball-reference.com/players/c/cartewe01.html
87,Michael Carter-Williams,SG,28,ORL,10,0,149,4.6,15.5,.298,1.0,5.6,.176,3.6,9.9,.367,5.3,6.6,.800,3.6,6.6,10.2,4.3,2.6,2.0,2.6,5.6,15.5,,94,103,https://www.basketball-reference.com/players/c/cartemi01.html
88,Alex Caruso,PG,25,LAL,16,0,319,4.8,11.6,.416,1.5,5.3,.286,3.3,6.3,.524,0.6,0.9,.667,0.2,3.8,3.9,4.8,2.7,0.9,2.6,3.2,11.7,,94,103,https://www.basketball-reference.com/players/c/carusal01.html
89,Willie Cauley-Stein,C,26,GSW,16,15,359,6.6,12.5,.526,0.0,0.0,,6.6,12.5,.526,1.7,2.2,.765,2.6,10.6,13.2,3.7,2.4,2.4,2.0,5.7,14.9,,110,108,https://www.basketball-reference.com/players/c/caulewi01.html
90,Tyson Chandler,C,37,HOU,16,3,146,3.4,4.7,.733,0.0,0.0,,3.4,4.7,.733,1.6,2.8,.556,5.6,8.8,14.4,1.9,1.3,2.2,1.9,6.9,8.4,,136,107,https://www.basketball-reference.com/players/c/chandty01.html
91,Zylan Cheatham,SF,24,NOP,2,0,20,2.3,9.2,.250,0.0,2.3,.000,2.3,6.9,.333,0.0,0.0,,0.0,6.9,6.9,2.3,0.0,0.0,2.3,6.9,4.6,,53,118,https://www.basketball-reference.com/players/c/cheatzy01.html
92,Chris Chiozza,PG,24,WAS,3,0,37,2.5,11.2,.222,2.5,5.0,.500,0.0,6.2,.000,0.0,0.0,,0.0,5.0,5.0,8.7,2.5,2.5,3.7,7.5,7.5,,78,112,https://www.basketball-reference.com/players/c/chiozch01.html
93,Marquese Chriss,PF,22,GSW,18,1,315,7.5,14.9,.505,0.5,2.1,.214,7.1,12.8,.553,4.5,5.4,.833,3.9,8.7,12.6,5.6,2.4,2.9,3.9,5.7,20.0,,110,108,https://www.basketball-reference.com/players/c/chrisma01.html
94,Gary Clark,PF,25,HOU,5,0,39,8.2,16.4,.500,4.7,11.7,.400,3.5,4.7,.750,0.0,0.0,,3.5,7.0,10.5,2.3,1.2,1.2,0.0,5.9,21.1,,141,110,https://www.basketball-reference.com/players/c/clarkga01.html
95,Brandon Clarke,PF,23,MEM,16,1,352,11.4,18.0,.635,1.2,2.6,.450,10.2,15.3,.667,2.2,2.6,.850,3.1,10.0,13.1,2.6,1.2,2.1,2.2,3.4,26.2,,126,111,https://www.basketball-reference.com/players/c/clarkbr01.html
96,Jordan Clarkson,SG,27,CLE,18,0,408,9.9,23.6,.422,3.8,10.5,.360,6.2,13.0,.473,7.2,8.2,.884,1.3,3.6,4.9,5.1,1.3,0.7,2.5,2.5,30.9,,116,115,https://www.basketball-reference.com/players/c/clarkjo01.html
97,Nicolas Claxton,PF,20,BRK,9,0,119,4.3,8.2,.524,0.0,2.0,.000,4.3,6.3,.688,2.0,4.7,.417,3.1,5.5,8.6,4.3,0.4,2.0,2.3,3.9,10.6,,106,112,https://www.basketball-reference.com/players/c/claxtni01.html
98,Chris Clemons,SG,22,HOU,12,0,101,8.1,19.0,.429,6.3,15.8,.400,1.8,3.2,.571,1.4,1.8,.750,0.9,3.2,4.1,2.7,0.9,0.9,2.3,5.0,24.0,,114,113,https://www.basketball-reference.com/players/c/clemoch01.html
99,John Collins,PF,22,ATL,5,5,161,9.3,17.7,.525,2.6,5.5,.474,6.7,12.2,.548,3.5,4.9,.706,2.9,9.9,12.8,2.3,1.5,2.9,2.0,4.9,24.7,,120,110,https://www.basketball-reference.com/players/c/collijo01.html
100,Zach Collins,PF,22,POR,3,3,86,4.9,10.3,.474,1.6,3.8,.429,3.3,6.5,.500,3.3,3.3,1.000,2.2,4.3,6.5,3.3,0.0,1.1,3.3,6.0,14.7,,112,116,https://www.basketball-reference.com/players/c/colliza01.html
101,Mike Conley,PG,32,UTA,18,18,548,7.3,19.9,.368,2.9,8.3,.347,4.4,11.6,.383,4.9,6.2,.789,1.0,4.3,5.3,7.3,1.1,0.2,3.4,3.5,22.4,,101,107,https://www.basketball-reference.com/players/c/conlemi01.html
102,Pat Connaughton,SG,27,MIL,16,0,280,5.8,12.1,.480,2.4,7.4,.326,3.4,4.7,.724,1.0,1.0,1.000,1.1,7.8,8.9,3.9,0.5,1.6,1.3,2.6,15.0,,121,105,https://www.basketball-reference.com/players/c/connapa01.html
103,Quinn Cook,PG,26,LAL,15,0,216,7.1,17.1,.416,2.0,6.2,.321,5.1,10.9,.469,0.4,0.7,.667,0.9,3.5,4.4,6.0,1.3,0.2,2.7,2.0,16.6,,98,107,https://www.basketball-reference.com/players/c/cookqu01.html
104,,,,,,,,,,,,,,,,,,,,,,,,,,,,,,,,Error on row 104
105,Tyler Cook,PF,22,CLE,6,0,17,14.2,17.0,.833,0.0,0.0,,14.2,17.0,.833,5.7,5.7,1.000,8.5,5.7,14.2,0.0,2.8,0.0,2.8,2.8,34.1,,154,111,https://www.basketball-reference.com/players/c/cookty01.html
106,Robert Covington,PF,29,MIN,17,17,460,6.9,15.6,.442,3.2,9.3,.344,3.7,6.3,.587,3.5,4.0,.875,1.3,8.1,9.4,2.0,2.4,1.7,2.7,4.7,20.5,,108,105,https://www.basketball-reference.com/players/c/covinro01.html
107,Allen Crabbe,SG,27,ATL,8,0,155,5.4,13.9,.391,1.8,7.8,.231,3.6,6.0,.600,1.5,2.1,.714,1.5,5.7,7.2,2.1,1.2,0.6,1.2,1.5,14.2,,100,116,https://www.basketball-reference.com/players/c/crabbal01.html
108,Torrey Craig,SF,29,DEN,13,2,187,3.7,10.7,.341,1.0,5.2,.200,2.6,5.5,.476,1.0,2.4,.444,2.4,6.8,9.1,3.9,1.3,2.9,1.3,6.8,9.4,,95,101,https://www.basketball-reference.com/players/c/craigto01.html
109,Jae Crowder,SF,29,MEM,17,17,526,5.5,13.1,.423,3.5,9.6,.367,2.0,3.5,.575,1.9,2.8,.688,1.0,7.6,8.6,4.1,1.4,0.6,2.3,3.2,16.5,,108,114,https://www.basketball-reference.com/players/c/crowdja01.html
110,Jarrett Culver,SG,20,MIN,18,8,425,6.7,18.5,.363,2.2,7.7,.282,4.5,10.8,.420,1.7,4.1,.421,1.9,3.9,5.8,4.5,1.8,1.0,2.8,4.3,17.3,,89,109,https://www.basketball-reference.com/players/c/culveja01.html
111,Seth Curry,SG,29,DAL,15,9,314,6.1,13.9,.440,3.2,8.5,.375,2.9,5.3,.543,2.6,2.9,.895,0.9,2.7,3.7,3.7,1.4,0.5,1.8,3.8,18.0,,117,113,https://www.basketball-reference.com/players/c/curryse01.html
112,Stephen Curry,PG,31,GSW,4,4,112,11.4,27.9,.409,3.8,15.6,.243,7.6,12.3,.621,7.6,7.6,1.000,1.7,6.8,8.5,11.0,2.1,0.8,6.3,4.2,34.3,,105,113,https://www.basketball-reference.com/players/c/curryst01.html
113,Troy Daniels,SG,28,LAL,13,0,198,6.0,16.5,.368,3.9,12.1,.320,2.2,4.4,.500,0.7,0.7,1.000,0.7,3.4,4.1,1.5,1.0,0.2,1.0,1.9,16.7,,101,108,https://www.basketball-reference.com/players/d/danietr01.html
114,Anthony Davis,PF,26,LAL,17,17,594,12.4,26.0,.477,1.6,4.8,.333,10.8,21.2,.510,9.3,10.6,.878,3.5,8.9,12.3,4.9,2.2,3.9,3.6,3.4,35.7,,116,98,https://www.basketball-reference.com/players/d/davisan02.html
115,Ed Davis,C,30,UTA,6,0,73,2.6,6.5,.400,0.0,0.0,,2.6,6.5,.400,1.3,2.6,.500,5.9,14.4,20.3,0.7,0.7,2.0,3.3,9.2,6.5,,89,100,https://www.basketball-reference.com/players/d/davised01.html
116,Terence Davis,SG,22,TOR,17,0,264,7.6,15.5,.488,3.8,8.6,.438,3.8,6.8,.553,2.0,2.0,1.000,1.8,7.0,8.8,6.3,1.3,0.7,1.8,6.1,20.9,,129,104,https://www.basketball-reference.com/players/d/daviste02.html
117,Dewayne Dedmon,C,30,SAC,17,4,260,7.2,17.2,.418,1.9,7.9,.238,5.3,9.3,.571,2.1,2.5,.846,4.5,9.1,13.6,1.5,1.3,1.5,4.9,8.1,18.3,,90,109,https://www.basketball-reference.com/players/d/dedmode01.html
118,Matthew Dellavedova,PG,29,CLE,16,0,225,2.8,10.7,.260,0.6,6.4,.100,2.1,4.3,.500,2.6,2.8,.923,0.9,4.3,5.2,7.9,1.3,0.2,3.2,5.8,8.8,,86,115,https://www.basketball-reference.com/players/d/dellama01.html
119,DeMar DeRozan,SF,30,SAS,19,19,646,11.9,22.4,.531,0.0,0.3,.000,11.9,22.1,.538,7.0,8.6,.812,0.7,6.8,7.5,6.5,1.2,0.8,3.6,4.1,30.8,,114,115,https://www.basketball-reference.com/players/d/derozde01.html
120,Cheick Diallo,C,23,PHO,12,0,121,12.0,14.7,.816,0.0,0.0,,12.0,14.7,.816,3.1,3.5,.889,3.5,9.6,13.1,2.3,0.0,1.5,2.3,4.6,27.0,,145,110,https://www.basketball-reference.com/players/d/diallch01.html
121,Hamidou Diallo,SF,21,OKC,12,1,256,8.7,17.3,.500,0.4,2.4,.154,8.3,14.9,.557,2.1,3.4,.611,2.6,6.0,8.7,1.9,3.4,0.8,2.6,5.5,19.8,,99,105,https://www.basketball-reference.com/players/d/diallha01.html
122,Gorgui Dieng,C,30,MIN,14,2,177,7.8,16.6,.469,1.8,5.5,.333,6.0,11.2,.535,3.1,4.2,.750,3.4,12.5,15.8,4.9,2.6,3.9,2.1,4.7,20.5,,116,99,https://www.basketball-reference.com/players/d/dienggo01.html
123,Spencer Dinwiddie,SG,26,BRK,18,7,513,10.2,24.8,.410,2.7,9.6,.283,7.4,15.1,.491,8.9,10.3,.860,0.3,3.7,4.0,9.2,1.2,0.8,3.7,5.5,31.9,,112,112,https://www.basketball-reference.com/players/d/dinwisp01.html
124,Donte DiVincenzo,SG,23,MIL,15,8,311,7.1,16.7,.426,2.6,8.0,.327,4.5,8.7,.517,1.3,1.7,.750,2.2,6.8,9.0,3.5,3.1,0.3,2.2,3.5,18.2,,105,101,https://www.basketball-reference.com/players/d/divindo01.html
125,,,,,,,,,,,,,,,,,,,,,,,,,,,,,,,,Error on row 125
126,Luka Dončić,PG,20,DAL,17,17,578,13.7,28.2,.485,4.3,13.1,.329,9.4,15.1,.621,10.8,13.1,.823,2.1,12.0,14.1,13.4,2.1,0.2,6.5,3.6,42.4,,121,106,https://www.basketball-reference.com/players/d/doncilu01.html
127,Damyean Dotson,SG,25,NYK,14,0,198,6.7,17.6,.380,2.5,9.4,.263,4.2,8.2,.515,1.2,1.7,.714,0.5,5.2,5.7,3.2,1.5,0.7,1.7,2.5,17.1,,97,114,https://www.basketball-reference.com/players/d/dotsoda01.html
128,Sekou Doumbouya,SF,19,DET,1,0,2,0.0,24.2,.000,0.0,24.2,.000,0.0,0.0,,0.0,0.0,,0.0,0.0,0.0,0.0,0.0,0.0,0.0,0.0,0.0,,0,118,https://www.basketball-reference.com/players/d/doumbse01.html
129,Goran Dragić,PG,33,MIA,16,1,460,8.2,18.3,.446,3.6,8.9,.407,4.5,9.4,.484,5.2,7.3,.704,0.4,4.9,5.3,8.3,1.1,0.4,4.6,2.7,25.1,,108,107,https://www.basketball-reference.com/players/d/dragigo01.html
130,Andre Drummond,C,26,DET,18,18,618,10.4,19.2,.543,0.0,0.8,.000,10.4,18.4,.566,4.0,6.0,.662,6.2,17.8,24.0,4.5,2.2,2.4,5.6,6.0,24.8,,105,101,https://www.basketball-reference.com/players/d/drumman01.html
131,Jared Dudley,SF,34,LAL,10,0,72,2.7,6.0,.444,2.7,4.0,.667,0.0,2.0,.000,0.0,0.0,,0.0,5.3,5.3,4.0,0.7,0.7,0.7,5.3,8.0,,134,107,https://www.basketball-reference.com/players/d/dudleja01.html
132,Kris Dunn,PG,25,CHI,19,0,381,6.1,14.9,.413,0.7,4.7,.158,5.4,10.2,.530,1.1,1.6,.692,1.0,5.7,6.6,7.3,4.6,0.7,1.8,7.6,14.1,,101,102,https://www.basketball-reference.com/players/d/dunnkr01.html
133,Carsen Edwards,SG,21,BOS,15,0,172,6.1,19.0,.324,3.6,11.2,.325,2.5,7.8,.321,2.5,3.1,.818,1.4,6.1,7.5,3.9,1.1,0.6,2.0,4.2,18.4,,96,107,https://www.basketball-reference.com/players/e/edwarca01.html
134,Henry Ellenson,PF,23,BRK,1,0,3,0.0,0.0,,0.0,0.0,,0.0,0.0,,0.0,0.0,,0.0,0.0,0.0,0.0,0.0,0.0,0.0,0.0,0.0,,,118,https://www.basketball-reference.com/players/e/ellenhe01.html
135,Wayne Ellington,SG,32,NYK,14,1,213,5.5,16.1,.343,4.8,14.5,.333,0.7,1.6,.429,0.9,1.4,.667,0.0,5.5,5.5,3.0,0.5,0.5,2.3,3.2,16.8,,97,116,https://www.basketball-reference.com/players/e/ellinwa01.html
136,Joel Embiid,C,25,PHI,14,14,413,11.9,26.0,.460,2.1,6.5,.321,9.9,19.5,.506,9.5,12.2,.781,4.5,15.1,19.6,4.5,1.4,2.2,4.9,5.6,35.5,,109,99,https://www.basketball-reference.com/players/e/embiijo01.html
137,James Ennis,SF,29,PHI,18,0,286,7.5,14.2,.529,2.2,5.7,.382,5.4,8.5,.627,2.8,4.0,.708,4.0,6.2,10.2,2.0,1.3,0.7,2.0,5.9,20.1,,122,105,https://www.basketball-reference.com/players/e/ennisja01.html
138,Drew Eubanks,PF,22,SAS,1,0,2,0.0,47.5,.000,0.0,0.0,,0.0,47.5,.000,0.0,0.0,,47.5,23.7,71.2,0.0,0.0,0.0,23.7,23.7,0.0,,46,109,https://www.basketball-reference.com/players/e/eubandr01.html
139,Jacob Evans,SG,22,GSW,3,0,43,5.5,13.2,.417,4.4,8.8,.500,1.1,4.4,.250,4.4,4.4,1.000,1.1,4.4,5.5,2.2,0.0,0.0,1.1,2.2,19.8,,129,120,https://www.basketball-reference.com/players/e/evansja02.html
140,Dante Exum,SG,24,UTA,5,0,36,2.7,9.3,.286,0.0,1.3,.000,2.7,8.0,.333,0.0,0.0,,1.3,4.0,5.3,5.3,1.3,1.3,2.7,5.3,5.3,,72,105,https://www.basketball-reference.com/players/e/exumda01.html
141,Tacko Fall,C,24,BOS,1,0,4,24.0,48.1,.500,0.0,0.0,,24.0,48.1,.500,0.0,0.0,,0.0,36.1,36.1,0.0,0.0,0.0,12.0,24.0,48.1,,71,89,https://www.basketball-reference.com/players/f/fallta01.html
142,Derrick Favors,C,28,NOP,9,7,189,8.7,14.1,.621,0.2,0.5,.500,8.5,13.6,.625,0.5,1.5,.333,7.5,11.9,19.4,4.6,1.2,1.0,3.4,5.1,18.2,,121,112,https://www.basketball-reference.com/players/f/favorde01.html
143,Terrance Ferguson,SF,21,OKC,16,16,412,4.0,8.9,.447,2.3,6.1,.385,1.6,2.8,.583,0.7,0.8,.857,1.3,2.3,3.6,2.0,1.1,0.7,1.2,5.8,11.0,,114,113,https://www.basketball-reference.com/players/f/fergute01.html
144,Bruno Fernando,C,21,ATL,18,0,230,6.9,12.6,.548,0.6,2.6,.231,6.3,10.0,.633,2.4,4.1,.600,4.3,6.7,11.0,4.1,1.0,1.6,3.5,6.1,16.9,,109,115,https://www.basketball-reference.com/players/f/fernabr01.html
145,Yogi Ferrell,PG,26,SAC,13,0,164,6.3,15.6,.404,1.8,5.7,.316,4.5,9.9,.455,3.9,4.5,.867,1.2,5.1,6.3,5.7,0.6,0.3,3.0,3.0,18.3,,105,115,https://www.basketball-reference.com/players/f/ferreyo01.html
146,,,,,,,,,,,,,,,,,,,,,,,,,,,,,,,,Error on row 146
147,Dorian Finney-Smith,PF,26,DAL,17,14,453,5.9,12.3,.483,2.1,6.3,.333,3.8,5.9,.643,2.1,3.2,.667,3.3,6.3,9.6,1.8,1.2,0.6,1.8,3.5,16.1,,117,111,https://www.basketball-reference.com/players/f/finnedo01.html
148,Bryn Forbes,SG,26,SAS,19,19,517,7.8,19.7,.395,4.2,12.1,.348,3.6,7.6,.470,2.7,2.9,.906,0.6,4.0,4.7,3.4,0.9,0.0,1.2,3.2,22.5,,111,118,https://www.basketball-reference.com/players/f/forbebr01.html
149,Evan Fournier,SG,27,ORL,17,17,515,10.5,22.3,.470,4.0,9.4,.424,6.5,12.9,.504,4.9,5.7,.850,0.2,4.6,4.8,5.3,1.6,0.3,3.2,3.4,29.9,,112,109,https://www.basketball-reference.com/players/f/fournev01.html
150,De'Aaron Fox,PG,22,SAC,9,9,288,9.4,21.8,.430,1.7,5.1,.333,7.7,16.7,.459,7.5,10.6,.710,0.9,5.3,6.1,10.7,1.2,0.9,6.3,4.6,28.0,,102,112,https://www.basketball-reference.com/players/f/foxde01.html
151,Melvin Frazier,SG,23,ORL,2,0,8,6.1,30.7,.200,0.0,6.1,.000,6.1,24.6,.250,0.0,0.0,,6.1,0.0,6.1,6.1,0.0,0.0,0.0,0.0,12.3,,66,115,https://www.basketball-reference.com/players/f/frazime01.html
152,Tim Frazier,PG,29,DET,10,4,124,3.1,14.8,.211,1.2,5.1,.231,2.0,9.8,.200,4.3,5.5,.786,1.2,2.3,3.5,11.7,3.1,0.4,4.7,6.6,11.7,,84,109,https://www.basketball-reference.com/players/f/fraziti01.html
153,Markelle Fultz,PG,21,ORL,17,12,419,9.4,18.8,.500,0.8,3.9,.212,8.6,14.9,.575,3.1,3.8,.813,0.9,3.5,4.5,7.0,2.7,0.2,3.2,4.6,22.6,,108,107,https://www.basketball-reference.com/players/f/fultzma01.html
154,Wenyen Gabriel,PF,22,SAC,7,0,47,5.2,16.7,.313,1.0,8.4,.125,4.2,8.4,.500,5.2,9.4,.556,4.2,4.2,8.4,3.1,2.1,2.1,3.1,6.3,16.7,,88,109,https://www.basketball-reference.com/players/g/gabriwe01.html
155,Daniel Gafford,C,21,CHI,10,0,100,8.0,12.2,.654,0.0,0.0,,8.0,12.2,.654,2.3,5.6,.417,5.2,4.7,9.8,0.5,0.0,2.8,0.5,7.0,18.3,,131,111,https://www.basketball-reference.com/players/g/gaffoda01.html
156,Danilo Gallinari,PF,31,OKC,17,17,509,8.7,20.0,.436,4.4,10.8,.404,4.4,9.2,.474,7.7,8.3,.920,0.8,7.5,8.2,3.1,1.0,0.1,2.2,2.6,29.4,,120,111,https://www.basketball-reference.com/players/g/gallida01.html
157,Langston Galloway,SG,28,DET,18,5,505,6.9,16.1,.429,4.3,10.3,.421,2.6,5.8,.443,4.0,4.4,.913,0.6,3.0,3.5,3.1,0.9,0.7,1.4,2.4,22.1,,121,114,https://www.basketball-reference.com/players/g/gallola01.html
158,Darius Garland,PG,20,CLE,18,18,500,6.8,18.4,.366,2.6,7.4,.351,4.2,11.0,.377,1.9,2.3,.833,0.4,2.3,2.7,5.1,1.5,0.0,4.7,2.4,18.1,,85,116,https://www.basketball-reference.com/players/g/garlada01.html
159,Marc Gasol,C,35,TOR,17,17,483,3.2,10.2,.317,2.0,5.2,.377,1.3,5.0,.255,1.3,1.7,.765,1.2,9.8,11.0,5.8,0.9,1.7,2.4,5.2,9.7,,97,102,https://www.basketball-reference.com/players/g/gasolma01.html
160,Rudy Gay,PF,33,SAS,19,0,434,8.9,18.3,.485,2.1,6.9,.302,6.8,11.4,.596,4.2,4.8,.864,2.8,9.8,12.7,4.3,0.7,1.1,3.2,3.1,24.0,,113,114,https://www.basketball-reference.com/players/g/gayru01.html
161,Paul George,SF,29,LAC,8,8,233,12.3,27.6,.445,6.6,16.5,.402,5.6,11.1,.509,8.7,9.3,.935,1.0,8.5,9.5,6.4,2.8,0.6,6.0,4.0,39.8,,114,102,https://www.basketball-reference.com/players/g/georgpa01.html
162,Taj Gibson,C,34,NYK,16,10,253,7.8,14.0,.556,0.2,1.0,.200,7.6,13.0,.582,1.7,2.5,.692,6.4,7.6,14.0,3.7,1.6,0.2,2.1,7.4,17.4,,121,113,https://www.basketball-reference.com/players/g/gibsota01.html
163,Harry Giles,PF,21,SAC,7,0,52,10.4,23.6,.440,0.0,0.0,,10.4,23.6,.440,1.9,1.9,1.000,2.8,3.8,6.6,4.7,1.9,2.8,4.7,12.3,22.7,,90,109,https://www.basketball-reference.com/players/g/gilesha01.html
164,Shai Gilgeous-Alexander,SG,21,OKC,17,17,586,9.9,21.8,.453,2.1,5.3,.391,7.8,16.5,.473,4.4,5.7,.783,1.2,5.9,7.1,4.4,1.2,0.8,3.0,2.5,26.2,,104,110,https://www.basketball-reference.com/players/g/gilgesh01.html
165,Rudy Gobert,C,27,UTA,16,16,553,6.7,10.2,.653,0.0,0.0,,6.7,10.2,.653,5.2,8.0,.645,4.4,14.9,19.4,1.4,1.4,2.9,3.3,4.8,18.5,,119,97,https://www.basketball-reference.com/players/g/goberru01.html
166,Aaron Gordon,PF,24,ORL,14,14,426,7.7,18.3,.421,1.7,6.1,.283,6.0,12.2,.491,3.9,5.4,.723,2.7,7.4,10.0,4.6,1.0,0.8,2.2,3.9,21.1,,106,108,https://www.basketball-reference.com/players/g/gordoaa01.html
167,,,,,,,,,,,,,,,,,,,,,,,,,,,,,,,,Error on row 167
168,Eric Gordon,SG,31,HOU,9,2,265,5.9,19.0,.309,3.6,12.8,.284,2.2,6.2,.361,1.6,2.4,.643,0.5,2.4,2.9,1.2,0.9,0.3,2.1,3.6,16.9,,84,114,https://www.basketball-reference.com/players/g/gordoer01.html
169,Devonte' Graham,PG,24,CHO,19,9,632,8.4,20.6,.407,4.8,11.9,.404,3.6,8.7,.412,4.5,5.7,.797,1.2,4.1,5.3,10.9,0.9,0.2,4.8,2.5,26.1,,110,117,https://www.basketball-reference.com/players/g/grahade01.html
170,Treveon Graham,SG,26,MIN,17,16,417,4.5,13.2,.342,1.2,6.1,.200,3.3,7.2,.462,1.5,2.0,.778,2.0,5.2,7.2,2.4,1.3,0.2,1.2,4.6,11.8,,94,111,https://www.basketball-reference.com/players/g/grahatr01.html
171,Jerami Grant,PF,25,DEN,16,0,350,7.8,17.9,.438,2.1,7.0,.300,5.7,10.9,.526,2.8,4.6,.606,1.4,6.6,8.0,2.4,0.8,1.3,1.7,3.5,20.5,,103,104,https://www.basketball-reference.com/players/g/grantje01.html
172,Josh Gray,PG,26,NOP,2,0,23,2.0,4.0,.500,0.0,0.0,,2.0,4.0,.500,0.0,0.0,,2.0,2.0,4.0,4.0,0.0,0.0,10.0,2.0,4.0,,47,121,https://www.basketball-reference.com/players/g/grayjo01.html
173,Danny Green,SG,32,LAL,18,18,459,5.7,12.8,.447,3.5,8.9,.400,2.2,4.0,.553,0.8,1.1,.727,1.4,5.1,6.5,2.3,2.4,1.0,2.1,4.7,15.9,,109,103,https://www.basketball-reference.com/players/g/greenda02.html
174,Draymond Green,PF,29,GSW,11,11,320,5.2,13.3,.389,1.3,4.6,.290,3.8,8.7,.441,2.2,3.1,.714,0.9,10.8,11.7,9.2,2.2,1.0,3.3,4.0,13.9,,99,110,https://www.basketball-reference.com/players/g/greendr01.html
175,JaMychal Green,PF,29,LAC,19,0,430,5.3,13.2,.405,3.2,8.8,.358,2.2,4.4,.500,1.5,1.9,.824,3.1,11.6,14.6,1.0,1.3,0.8,2.1,5.2,15.4,,107,103,https://www.basketball-reference.com/players/g/greenja01.html
176,Javonte Green,SF,26,BOS,11,0,72,10.0,18.7,.536,1.3,5.3,.250,8.7,13.4,.650,1.3,3.3,.400,1.3,5.3,6.7,2.0,2.7,0.0,1.3,6.7,22.7,,109,104,https://www.basketball-reference.com/players/g/greenja02.html
177,Jeff Green,PF,33,UTA,18,1,347,5.5,15.6,.354,3.0,8.7,.349,2.5,6.9,.360,4.8,6.3,.761,1.0,6.1,7.0,1.7,1.0,1.4,3.0,4.3,18.9,,95,105,https://www.basketball-reference.com/players/g/greenje02.html
178,Blake Griffin,PF,30,DET,6,6,178,10.6,25.0,.424,2.7,9.8,.278,7.9,15.2,.518,9.0,10.9,.825,2.4,6.3,8.7,5.4,0.5,0.5,4.9,2.4,32.9,,106,113,https://www.basketball-reference.com/players/g/griffbl01.html
179,Marko Guduric,SG,24,MEM,17,0,272,5.8,15.4,.374,2.2,7.1,.310,3.6,8.3,.429,1.5,1.5,1.000,1.5,4.2,5.8,4.6,1.0,0.7,3.1,2.9,15.3,,93,116,https://www.basketball-reference.com/players/g/gudurma01.html
180,Rui Hachimura,PF,21,WAS,16,16,429,9.0,18.8,.477,0.6,2.9,.222,8.4,16.0,.523,2.1,2.6,.833,2.8,6.2,9.0,2.6,1.3,0.3,1.5,3.5,20.8,,108,117,https://www.basketball-reference.com/players/h/hachiru01.html
181,Devon Hall,SG,24,OKC,2,0,15,3.2,12.9,.250,0.0,6.4,.000,3.2,6.4,.500,9.6,12.9,.750,0.0,3.2,3.2,6.4,0.0,0.0,3.2,3.2,16.1,,91,116,https://www.basketball-reference.com/players/h/hallde01.html
182,Tim Hardaway,SG,27,DAL,17,4,396,8.5,20.8,.407,4.5,12.3,.363,4.0,8.5,.471,3.6,4.7,.769,0.6,3.5,4.1,4.0,0.8,0.2,0.8,4.2,25.0,,117,114,https://www.basketball-reference.com/players/h/hardati02.html
183,James Harden,SG,30,HOU,18,18,669,12.8,29.6,.434,5.9,17.1,.343,7.0,12.4,.560,14.8,17.1,.865,1.2,6.3,7.5,9.6,2.0,0.6,6.5,3.8,46.4,,120,109,https://www.basketball-reference.com/players/h/hardeja01.html
184,Maurice Harkless,SF,26,LAC,19,9,417,4.8,9.8,.494,1.0,2.9,.346,3.8,6.9,.557,1.0,2.0,.500,1.9,4.7,6.6,2.5,2.1,1.6,2.1,6.7,11.7,,104,104,https://www.basketball-reference.com/players/h/harklma01.html
185,Jared Harper,PG,22,PHO,1,0,2,0.0,23.3,.000,0.0,23.3,.000,0.0,0.0,,0.0,0.0,,0.0,0.0,0.0,0.0,0.0,0.0,0.0,0.0,0.0,,0,117,https://www.basketball-reference.com/players/h/harpeja01.html
186,Montrezl Harrell,C,26,LAC,19,2,572,12.2,20.6,.594,0.0,0.4,.000,12.2,20.2,.606,5.0,7.5,.663,4.7,7.2,11.9,3.8,1.4,2.0,3.0,3.8,29.4,,121,104,https://www.basketball-reference.com/players/h/harremo01.html
187,Gary Harris,SG,25,DEN,16,16,511,6.0,14.9,.404,2.0,6.0,.333,4.0,8.9,.452,1.6,2.2,.739,0.7,4.4,5.1,2.8,1.8,0.4,1.5,3.3,15.7,,100,105,https://www.basketball-reference.com/players/h/harriga01.html
188,,,,,,,,,,,,,,,,,,,,,,,,,,,,,,,,Error on row 188
189,Joe Harris,SF,28,BRK,18,18,572,7.8,16.3,.480,4.1,9.2,.442,3.7,7.1,.529,1.1,1.5,.722,1.3,4.3,5.6,2.5,1.1,0.6,2.1,3.8,20.7,,114,113,https://www.basketball-reference.com/players/h/harrijo01.html
190,Tobias Harris,PF,27,PHI,18,18,612,9.9,20.2,.488,1.8,6.2,.291,8.1,14.0,.575,3.5,4.6,.763,1.0,9.3,10.3,4.7,1.6,1.0,2.7,4.0,25.0,,110,103,https://www.basketball-reference.com/players/h/harrito02.html
191,Shaquille Harrison,SF,26,CHI,12,4,117,6.8,17.2,.395,1.2,3.6,.333,5.6,13.6,.412,3.2,5.6,.571,2.0,8.8,10.8,6.8,2.0,1.6,2.0,5.6,18.0,,102,105,https://www.basketball-reference.com/players/h/harrish01.html
192,Josh Hart,SF,24,NOP,11,4,303,6.8,15.0,.455,3.6,9.5,.381,3.2,5.4,.583,3.2,3.9,.808,2.4,8.3,10.7,2.3,2.1,0.6,2.3,4.7,20.4,,117,112,https://www.basketball-reference.com/players/h/hartjo01.html
193,Isaiah Hartenstein,C,21,HOU,6,0,73,5.0,6.3,.800,0.0,0.0,,5.0,6.3,.800,5.0,5.6,.889,3.1,9.4,12.5,1.3,0.6,1.9,2.5,6.9,15.0,,142,109,https://www.basketball-reference.com/players/h/harteis01.html
194,Udonis Haslem,PF,39,MIA,2,0,11,4.3,4.3,1.000,0.0,0.0,,4.3,4.3,1.000,13.0,17.3,.750,0.0,13.0,13.0,0.0,0.0,0.0,0.0,13.0,21.6,,191,105,https://www.basketball-reference.com/players/h/hasleud01.html
195,Jaxson Hayes,C,19,NOP,15,6,290,7.4,12.0,.618,0.0,0.3,.000,7.4,11.7,.635,4.1,6.6,.619,4.3,5.4,9.6,1.7,1.7,2.4,2.4,7.9,19.0,,121,112,https://www.basketball-reference.com/players/h/hayesja02.html
196,Gordon Hayward,SF,29,BOS,8,8,249,11.8,21.2,.555,2.5,5.8,.433,9.3,15.4,.600,3.1,3.7,.842,1.2,9.8,11.0,6.4,1.2,0.4,2.9,2.9,29.1,,121,104,https://www.basketball-reference.com/players/h/haywago01.html
197,John Henson,PF,29,CLE,1,0,8,6.0,12.1,.500,0.0,6.0,.000,6.0,6.0,1.000,6.0,36.2,.167,12.1,6.0,18.1,0.0,12.1,12.1,6.0,0.0,18.1,,70,74,https://www.basketball-reference.com/players/h/hensojo01.html
198,Dewan Hernandez,C,23,TOR,2,0,8,5.9,11.9,.500,0.0,5.9,.000,5.9,5.9,1.000,0.0,0.0,,0.0,23.8,23.8,0.0,5.9,0.0,5.9,17.8,11.9,,60,81,https://www.basketball-reference.com/players/h/hernade01.html
199,Juan Hernangómez,PF,24,DEN,9,0,122,4.8,10.4,.462,2.8,6.8,.412,2.0,3.6,.556,0.8,2.0,.400,1.6,7.2,8.8,2.4,0.0,0.8,2.8,2.8,13.2,,100,107,https://www.basketball-reference.com/players/h/hernaju01.html
200,Willy Hernangómez,C,25,CHO,6,0,48,7.0,17.1,.412,2.0,4.0,.500,5.0,13.1,.385,3.0,6.0,.500,5.0,7.0,12.1,2.0,1.0,3.0,3.0,2.0,19.1,,97,111,https://www.basketball-reference.com/players/h/hernawi01.html
201,Tyler Herro,SG,20,MIA,16,3,478,8.3,18.8,.444,3.3,8.6,.379,5.1,10.1,.500,3.6,4.4,.818,0.6,6.1,6.7,3.7,1.3,0.2,3.7,2.4,23.5,,102,106,https://www.basketball-reference.com/players/h/herroty01.html
202,Mario Hezonja,PF,24,POR,18,4,328,4.3,11.8,.361,1.4,4.1,.345,2.8,7.7,.370,2.7,3.3,.826,1.6,10.2,11.8,2.6,1.7,0.3,2.6,5.8,12.7,,94,109,https://www.basketball-reference.com/players/h/hezonma01.html
203,Buddy Hield,SG,27,SAC,17,17,561,10.9,26.0,.421,5.8,15.0,.386,5.2,11.0,.468,2.8,3.2,.889,1.3,5.3,6.7,3.5,1.1,0.6,4.4,3.8,30.5,,101,113,https://www.basketball-reference.com/players/h/hieldbu01.html
204,George Hill,PG,33,MIL,16,0,359,6.4,12.6,.510,2.9,6.0,.479,3.5,6.6,.538,2.8,3.5,.786,2.1,4.3,6.4,6.2,1.5,0.3,1.4,4.0,18.5,,136,106,https://www.basketball-reference.com/players/h/hillge01.html
205,Solomon Hill,SF,28,MEM,15,0,265,4.9,11.3,.431,2.6,6.6,.395,2.3,4.7,.481,1.6,2.4,.643,1.4,6.6,8.0,4.4,1.9,0.2,2.3,4.4,13.9,,108,114,https://www.basketball-reference.com/players/h/hillso01.html
206,Jaylen Hoard,SF,20,POR,3,0,11,4.2,8.5,.500,0.0,0.0,,4.2,8.5,.500,0.0,0.0,,4.2,12.7,17.0,4.2,4.2,0.0,0.0,4.2,8.5,,137,102,https://www.basketball-reference.com/players/h/hoardja01.html
207,Aaron Holiday,PG,23,IND,15,8,341,8.1,20.0,.404,3.5,8.4,.424,4.5,11.6,.390,1.3,1.4,.900,1.3,4.8,6.1,7.4,2.3,0.1,3.3,3.5,21.0,,103,105,https://www.basketball-reference.com/players/h/holidaa01.html
208,Jrue Holiday,SG,29,NOP,16,16,574,9.7,22.3,.437,2.4,6.9,.345,7.3,15.3,.479,2.8,3.6,.778,1.4,5.2,6.6,9.3,2.7,0.9,4.6,3.2,24.7,,104,112,https://www.basketball-reference.com/players/h/holidjr01.html
209,,,,,,,,,,,,,,,,,,,,,,,,,,,,,,,,Error on row 209
210,Justin Holiday,SG,30,IND,17,2,425,4.9,12.5,.391,2.8,8.1,.352,2.0,4.4,.462,2.2,2.6,.826,0.9,6.5,7.4,3.4,1.4,1.1,1.1,3.6,14.8,,113,105,https://www.basketball-reference.com/players/h/holidju01.html
211,Rondae Hollis-Jefferson,SF,25,TOR,10,0,224,8.5,15.1,.563,0.0,0.4,.000,8.5,14.6,.580,4.2,5.9,.714,6.2,7.2,13.4,3.4,1.7,0.6,2.5,4.9,21.2,,123,103,https://www.basketball-reference.com/players/h/holliro01.html
212,Richaun Holmes,C,26,SAC,17,13,457,8.5,13.1,.648,0.0,0.0,,8.5,13.1,.648,3.0,3.9,.778,4.4,10.4,14.8,1.5,1.4,2.8,1.9,7.3,20.0,,129,107,https://www.basketball-reference.com/players/h/holmeri01.html
213,Rodney Hood,SF,27,POR,17,17,512,6.9,13.1,.528,2.7,5.5,.500,4.2,7.7,.548,1.7,2.3,.760,0.8,4.9,5.7,2.3,1.4,0.4,1.6,3.6,18.3,,123,113,https://www.basketball-reference.com/players/h/hoodro01.html
214,Al Horford,C,33,PHI,17,17,530,9.0,19.2,.472,2.0,6.1,.324,7.0,13.0,.542,2.0,3.0,.667,3.0,8.1,11.1,6.3,1.5,1.4,1.8,3.5,22.1,,116,103,https://www.basketball-reference.com/players/h/horfoal01.html
215,Danuel House,SF,26,HOU,14,13,416,6.0,12.7,.474,4.0,8.9,.444,2.1,3.8,.543,3.0,3.7,.794,1.8,5.3,7.0,1.8,2.0,1.1,1.4,3.1,19.0,,128,109,https://www.basketball-reference.com/players/h/houseda01.html
216,Dwight Howard,C,34,LAL,18,0,366,6.4,8.5,.754,0.0,0.0,,6.4,8.5,.754,3.3,5.9,.556,5.1,11.9,17.0,2.0,0.8,3.4,2.5,9.6,16.1,,130,99,https://www.basketball-reference.com/players/h/howardw01.html
217,Kevin Huerter,SG,21,ATL,10,3,225,6.6,15.6,.427,3.5,9.1,.386,3.1,6.4,.484,2.5,3.1,.800,1.2,6.0,7.3,5.8,1.2,0.6,3.5,4.4,19.3,,107,116,https://www.basketball-reference.com/players/h/huertke01.html
218,De'Andre Hunter,SF,22,ATL,18,18,563,6.4,16.0,.399,2.5,6.6,.375,3.9,9.4,.416,2.7,3.6,.767,0.7,5.4,6.1,2.7,0.9,0.4,2.7,3.8,18.0,,97,117,https://www.basketball-reference.com/players/h/huntede01.html
219,Chandler Hutchison,SF,23,CHI,9,6,154,6.1,13.4,.455,1.5,3.7,.417,4.6,9.7,.469,5.8,8.8,.655,0.3,9.7,10.0,2.4,1.5,0.6,3.7,3.7,19.5,,98,107,https://www.basketball-reference.com/players/h/hutchch01.html
220,Serge Ibaka,C,30,TOR,8,0,183,11.4,21.8,.524,1.3,4.2,.313,10.1,17.7,.574,4.9,6.0,.826,1.8,11.7,13.5,1.6,1.3,2.6,4.4,4.9,29.1,,102,99,https://www.basketball-reference.com/players/i/ibakase01.html
221,Ersan İlyasova,PF,32,MIL,16,0,257,6.5,14.1,.463,1.9,7.2,.268,4.6,6.9,.667,3.0,3.5,.850,3.5,10.6,14.1,1.6,1.4,1.1,0.9,5.3,18.0,,123,102,https://www.basketball-reference.com/players/i/ilyaser01.html
222,Joe Ingles,SF,32,UTA,18,1,496,4.2,11.8,.361,2.4,7.9,.305,1.8,3.9,.475,1.5,1.9,.800,0.5,7.0,7.5,6.0,1.4,0.2,2.5,3.9,12.4,,99,105,https://www.basketball-reference.com/players/i/inglejo01.html
223,Brandon Ingram,PF,22,NOP,14,14,468,12.6,26.2,.481,3.5,8.3,.424,9.1,17.9,.508,6.7,8.2,.810,1.3,8.8,10.1,5.5,1.1,1.4,4.2,3.9,35.4,,113,113,https://www.basketball-reference.com/players/i/ingrabr01.html
224,Kyrie Irving,PG,27,BRK,11,11,372,14.0,31.5,.444,3.9,11.4,.341,10.1,20.1,.503,7.4,7.9,.937,1.3,6.1,7.4,9.9,1.5,0.8,3.3,4.0,39.3,,117,110,https://www.basketball-reference.com/players/i/irvinky01.html
225,Jonathan Isaac,SF,22,ORL,15,15,458,8.2,17.1,.478,2.3,6.3,.356,5.9,10.7,.550,2.9,3.5,.818,2.7,8.8,11.5,2.6,2.5,4.4,2.1,4.0,21.5,,112,99,https://www.basketball-reference.com/players/i/isaacjo01.html
226,Wesley Iwundu,SF,25,ORL,9,3,132,3.0,11.5,.258,0.4,3.4,.111,2.6,8.2,.318,4.8,6.0,.813,1.1,6.3,7.4,2.6,1.5,0.7,1.5,3.0,11.2,,88,107,https://www.basketball-reference.com/players/i/iwundwe01.html
227,Frank Jackson,PG,21,NOP,17,1,277,8.1,20.8,.389,3.3,9.9,.333,4.8,10.9,.439,4.0,5.0,.800,0.8,3.5,4.3,3.1,1.3,0.2,2.8,5.0,23.5,,100,117,https://www.basketball-reference.com/players/j/jacksfr01.html
228,Jaren Jackson,C,20,MEM,16,16,425,9.8,20.8,.469,3.7,8.7,.425,6.1,12.2,.500,3.6,4.6,.786,2.5,6.4,8.9,2.1,0.9,1.5,3.3,6.8,26.8,,107,114,https://www.basketball-reference.com/players/j/jacksja02.html
229,Justin Jackson,PF,24,DAL,16,0,209,8.2,17.2,.480,3.9,8.7,.447,4.4,8.5,.514,2.1,2.5,.818,1.6,7.6,9.2,1.4,0.5,0.5,0.9,3.9,22.4,,123,112,https://www.basketball-reference.com/players/j/jacksju01.html
230,,,,,,,,,,,,,,,,,,,,,,,,,,,,,,,,Error on row 230
231,Reggie Jackson,PG,29,DET,2,2,36,5.4,14.8,.364,1.3,6.7,.200,4.0,8.1,.500,1.3,1.3,1.000,1.3,5.4,6.7,10.8,0.0,0.0,1.3,2.7,13.4,,112,115,https://www.basketball-reference.com/players/j/jacksre01.html
232,Justin James,SG,23,SAC,8,0,97,7.6,16.2,.469,1.5,5.1,.300,6.1,11.1,.545,0.5,3.0,.167,0.0,5.1,5.1,3.0,1.0,2.0,1.0,3.5,17.2,,99,112,https://www.basketball-reference.com/players/j/jamesju01.html
233,LeBron James,PG,35,LAL,18,18,636,13.4,27.0,.496,2.7,7.8,.350,10.7,19.3,.555,5.5,8.1,.676,1.4,8.4,9.9,14.9,1.7,0.8,4.8,2.0,35.0,,117,103,https://www.basketball-reference.com/players/j/jamesle01.html
234,Amile Jefferson,PF,26,ORL,3,0,9,16.4,16.4,1.000,0.0,0.0,,16.4,16.4,1.000,0.0,0.0,,10.9,5.5,16.4,10.9,0.0,0.0,5.5,0.0,32.8,,157,112,https://www.basketball-reference.com/players/j/jeffeam01.html
235,DaQuan Jeffries,SG,22,SAC,2,0,11,4.5,4.5,1.000,0.0,0.0,,4.5,4.5,1.000,0.0,0.0,,4.5,0.0,4.5,4.5,0.0,0.0,0.0,4.5,8.9,,213,119,https://www.basketball-reference.com/players/j/jeffrda01.html
236,Alize Johnson,SF,23,IND,7,0,36,6.7,14.8,.455,0.0,0.0,,6.7,14.8,.455,4.0,5.4,.750,8.1,8.1,16.1,2.7,0.0,0.0,1.3,5.4,17.5,,120,108,https://www.basketball-reference.com/players/j/johnsal02.html
237,Cameron Johnson,PF,23,PHO,15,0,293,7.5,17.2,.435,4.8,11.6,.411,2.7,5.6,.486,2.5,2.7,.941,1.8,4.9,6.7,1.8,1.4,0.8,1.6,4.1,22.3,,114,110,https://www.basketball-reference.com/players/j/johnsca02.html
238,James Johnson,PF,32,MIA,6,0,68,5.6,12.6,.444,1.4,6.3,.222,4.2,6.3,.667,1.4,2.8,.500,1.4,6.3,7.7,2.8,2.1,1.4,2.8,3.5,14.0,,94,103,https://www.basketball-reference.com/players/j/johnsja01.html
239,Keldon Johnson,SF,20,SAS,1,0,2,0.0,23.7,.000,0.0,0.0,,0.0,23.7,.000,0.0,0.0,,0.0,0.0,0.0,0.0,0.0,0.0,0.0,0.0,0.0,,0,122,https://www.basketball-reference.com/players/j/johnske04.html
240,Stanley Johnson,PF,23,TOR,5,0,19,7.5,22.5,.333,2.5,10.0,.250,5.0,12.5,.400,0.0,0.0,,5.0,12.5,17.5,0.0,2.5,0.0,10.0,15.0,17.5,,61,98,https://www.basketball-reference.com/players/j/johnsst04.html
241,Tyler Johnson,SG,27,PHO,17,3,345,5.5,14.2,.390,2.4,7.2,.340,3.1,7.0,.442,2.4,3.2,.750,0.7,3.9,4.6,5.5,0.8,0.8,2.4,3.7,16.0,,101,112,https://www.basketball-reference.com/players/j/johnsty01.html
242,Nikola Jokić,C,24,DEN,16,16,490,10.5,22.4,.467,1.6,6.6,.242,8.9,15.8,.560,3.2,4.1,.780,3.4,13.2,16.5,9.6,1.9,0.8,4.1,5.3,25.7,,109,99,https://www.basketball-reference.com/players/j/jokicni01.html
243,Damian Jones,C,24,ATL,17,9,308,7.3,10.5,.696,0.3,0.6,.500,7.0,9.9,.708,2.9,4.1,.704,3.9,5.3,9.3,2.0,1.4,2.4,1.7,8.3,17.7,,136,114,https://www.basketball-reference.com/players/j/jonesda03.html
244,Derrick Jones,SF,22,MIA,4,0,57,10.0,16.7,.600,0.8,3.3,.250,9.2,13.3,.688,2.5,2.5,1.000,2.5,4.2,6.7,1.7,2.5,0.0,1.7,9.2,23.3,,124,105,https://www.basketball-reference.com/players/j/jonesde02.html
245,Tyus Jones,PG,23,MEM,17,1,330,5.9,15.5,.378,0.7,3.9,.179,5.2,11.6,.446,2.1,2.9,.714,0.0,2.9,2.9,11.3,2.1,0.0,3.1,2.2,14.5,,98,115,https://www.basketball-reference.com/players/j/jonesty01.html
246,DeAndre Jordan,C,31,BRK,15,3,319,6.7,10.1,.667,0.0,0.0,,6.7,10.1,.667,3.1,4.8,.636,4.8,15.2,20.0,4.5,0.9,2.5,2.2,5.0,16.5,,133,104,https://www.basketball-reference.com/players/j/jordade01.html
247,Cory Joseph,PG,28,SAC,17,8,403,4.6,12.7,.365,0.6,3.0,.200,4.0,9.6,.418,1.5,1.5,1.000,1.3,4.1,5.5,8.0,1.5,1.2,2.7,4.4,11.3,,98,112,https://www.basketball-reference.com/players/j/josepco01.html
248,Mfiondu Kabengele,C,22,LAC,4,0,14,13.4,20.1,.667,10.0,16.7,.600,3.3,3.3,1.000,6.7,6.7,1.000,0.0,10.0,10.0,0.0,0.0,3.3,0.0,10.0,43.5,,182,103,https://www.basketball-reference.com/players/k/kabenmf01.html
249,Frank Kaminsky,C,26,PHO,17,5,400,6.5,16.3,.400,2.1,7.2,.290,4.4,9.1,.487,4.6,6.4,.709,1.6,8.9,10.5,4.1,0.6,0.8,2.3,4.1,19.7,,103,110,https://www.basketball-reference.com/players/k/kaminfr01.html
250,Enes Kanter,C,27,BOS,10,3,160,8.1,13.8,.587,0.0,0.3,.000,8.1,13.5,.600,5.4,8.4,.643,7.5,10.8,18.3,3.6,2.7,1.2,2.7,3.6,21.6,,126,99,https://www.basketball-reference.com/players/k/kanteen01.html
251,,,,,,,,,,,,,,,,,,,,,,,,,,,,,,,,Error on row 251
252,Luke Kennard,SG,23,DET,18,15,611,7.8,18.1,.434,3.6,9.4,.381,4.3,8.7,.491,4.3,4.8,.885,0.3,4.9,5.2,6.3,0.7,0.2,2.1,3.2,23.5,,118,114,https://www.basketball-reference.com/players/k/kennalu01.html
253,Stanton Kidd,SF,27,UTA,4,0,15,0.0,9.6,.000,0.0,3.2,.000,0.0,6.4,.000,0.0,0.0,,0.0,9.6,9.6,3.2,0.0,0.0,6.4,9.6,0.0,,12,107,https://www.basketball-reference.com/players/k/kiddst01.html
254,Michael Kidd-Gilchrist,PF,26,CHO,2,0,18,5.4,26.8,.200,2.7,8.1,.333,2.7,18.8,.143,5.4,5.4,1.000,2.7,13.4,16.1,2.7,0.0,0.0,2.7,8.1,18.8,,73,113,https://www.basketball-reference.com/players/k/kiddgmi01.html
255,Maxi Kleber,C,28,DAL,16,5,409,5.1,12.2,.423,2.8,7.8,.358,2.3,4.3,.541,1.9,2.1,.889,2.7,8.1,10.8,2.0,0.5,1.5,1.4,3.9,15.0,,118,110,https://www.basketball-reference.com/players/k/klebima01.html
256,Brandon Knight,PG,28,CLE,6,0,76,7.0,20.3,.344,5.7,16.5,.346,1.3,3.8,.333,1.3,2.5,.500,0.6,3.8,4.4,7.6,1.3,0.0,3.8,5.1,21.0,,98,115,https://www.basketball-reference.com/players/k/knighbr03.html
257,Kevin Knox,SF,20,NYK,18,1,357,6.2,16.1,.385,3.3,8.7,.381,2.9,7.4,.389,3.7,5.8,.643,1.2,5.9,7.1,3.6,1.4,0.5,1.8,4.3,19.4,,108,114,https://www.basketball-reference.com/players/k/knoxke01.html
258,John Konchar,SG,23,MEM,1,0,7,0.0,0.0,,0.0,0.0,,0.0,0.0,,0.0,0.0,,0.0,0.0,0.0,0.0,0.0,0.0,0.0,0.0,0.0,,,122,https://www.basketball-reference.com/players/k/konchjo01.html
259,Furkan Korkmaz,SG,22,PHI,17,5,382,7.0,16.1,.438,3.6,10.0,.363,3.4,6.0,.563,1.5,1.9,.800,0.5,4.3,4.8,1.8,0.5,0.6,1.8,3.8,19.2,,106,108,https://www.basketball-reference.com/players/k/korkmfu01.html
260,Luke Kornet,C,24,CHI,11,0,126,5.6,16.4,.341,1.9,8.9,.208,3.7,7.4,.500,1.9,1.9,1.000,1.9,5.6,7.4,2.2,0.7,3.3,1.1,4.5,14.9,,95,108,https://www.basketball-reference.com/players/k/kornelu01.html
261,Kyle Korver,SF,38,MIL,15,0,217,6.0,15.6,.387,5.0,12.9,.387,1.0,2.7,.385,1.3,1.7,.750,1.3,3.1,4.4,0.6,1.0,0.8,2.5,2.5,18.3,,99,107,https://www.basketball-reference.com/players/k/korveky01.html
262,Rodions Kurucs,PF,21,BRK,10,0,99,4.2,10.8,.391,1.4,3.3,.429,2.8,7.5,.375,0.9,2.8,.333,2.3,8.0,10.3,0.5,2.3,0.0,5.6,7.5,10.8,,67,108,https://www.basketball-reference.com/players/k/kurucro01.html
263,Kyle Kuzma,PF,24,LAL,14,1,322,9.4,20.1,.467,3.7,10.3,.362,5.7,9.8,.576,3.1,4.0,.778,0.9,6.8,7.7,1.6,0.3,0.7,3.6,4.3,25.6,,102,107,https://www.basketball-reference.com/players/k/kuzmaky01.html
264,Skal Labissière,C,23,POR,19,0,317,8.0,13.8,.574,0.3,0.9,.333,7.7,13.0,.591,2.2,3.2,.682,6.0,8.1,14.1,3.1,0.6,3.1,3.2,7.5,18.4,,117,110,https://www.basketball-reference.com/players/l/labissk01.html
265,Jeremy Lamb,SG,27,IND,8,8,256,9.6,20.8,.464,2.1,6.6,.314,7.6,14.2,.533,4.3,4.9,.885,1.1,8.1,9.3,4.2,1.7,1.1,1.9,3.8,25.7,,114,103,https://www.basketball-reference.com/players/l/lambje01.html
266,Romeo Langford,SG,20,BOS,1,0,0,,,,,,,,,,,,,,,,,,,,,,,,,https://www.basketball-reference.com/players/l/langfro01.html
267,Zach LaVine,SG,24,CHI,19,19,604,11.5,26.2,.438,4.2,10.6,.397,7.3,15.7,.465,5.0,6.1,.823,1.2,4.7,5.9,5.7,1.9,0.8,5.0,3.9,32.2,,102,109,https://www.basketball-reference.com/players/l/lavinza01.html
268,Jake Layman,PF,25,MIN,14,2,369,7.6,16.4,.462,2.4,6.7,.352,5.2,9.7,.538,0.7,1.2,.600,1.5,3.6,5.1,1.4,1.5,1.2,2.2,3.9,18.3,,100,110,https://www.basketball-reference.com/players/l/laymaja01.html
269,T.J. Leaf,PF,22,IND,15,1,158,8.0,17.7,.448,1.5,3.4,.455,6.4,14.4,.447,1.5,2.4,.625,6.1,11.3,17.4,1.8,2.1,0.9,1.8,4.3,19.0,,109,100,https://www.basketball-reference.com/players/l/leaftj01.html
270,Courtney Lee,SG,34,DAL,5,3,47,10.2,17.3,.588,4.1,7.1,.571,6.1,10.2,.600,0.0,0.0,,0.0,2.0,2.0,3.1,0.0,2.0,0.0,5.1,24.4,,144,114,https://www.basketball-reference.com/players/l/leeco01.html
271,Damion Lee,SG,27,GSW,11,0,241,6.9,17.9,.385,2.4,6.9,.343,4.5,11.0,.411,5.5,6.5,.848,1.8,6.7,8.5,3.9,1.6,0.0,2.6,3.5,21.6,,105,115,https://www.basketball-reference.com/players/l/leeda03.html
272,,,,,,,,,,,,,,,,,,,,,,,,,,,,,,,,Error on row 272
273,Alex Len,C,26,ATL,17,9,273,6.2,14.4,.429,0.7,4.3,.160,5.5,10.1,.542,3.8,5.8,.647,3.8,8.7,12.5,2.7,0.9,2.7,3.1,6.0,16.8,,99,112,https://www.basketball-reference.com/players/l/lenal01.html
274,Kawhi Leonard,SF,28,LAC,13,13,414,13.5,30.5,.442,2.5,8.2,.306,11.0,22.3,.492,8.6,10.3,.835,1.6,10.2,11.8,7.9,2.9,1.2,5.3,3.5,38.1,,107,99,https://www.basketball-reference.com/players/l/leonaka01.html
275,Meyers Leonard,PF,27,MIA,17,17,324,6.5,10.8,.595,2.2,4.3,.517,4.3,6.6,.644,0.6,1.2,.500,0.7,9.7,10.4,2.1,0.9,1.2,2.2,5.6,15.7,,114,104,https://www.basketball-reference.com/players/l/leoname01.html
276,Caris LeVert,SG,25,BRK,9,9,284,9.7,22.9,.421,2.1,5.9,.361,7.5,17.0,.442,3.3,5.1,.645,1.6,5.7,7.4,5.9,1.0,0.2,5.1,3.3,24.7,,93,112,https://www.basketball-reference.com/players/l/leverca01.html
277,Damian Lillard,PG,29,POR,17,17,629,10.7,24.1,.444,4.2,11.2,.371,6.5,12.8,.509,8.9,9.6,.930,0.8,5.4,6.2,9.3,1.4,0.7,3.4,2.7,34.4,,124,113,https://www.basketball-reference.com/players/l/lillada01.html
278,Nassir Little,PF,19,POR,12,3,196,5.2,12.9,.407,1.2,5.2,.227,4.0,7.6,.531,2.6,4.3,.611,3.8,7.9,11.7,1.4,1.2,1.0,1.4,6.2,14.3,,106,111,https://www.basketball-reference.com/players/l/littlna01.html
279,Kevon Looney,C,23,GSW,1,1,10,4.7,18.9,.250,4.7,4.7,1.000,0.0,14.2,.000,0.0,0.0,,23.7,18.9,42.6,4.7,0.0,0.0,4.7,14.2,14.2,,109,111,https://www.basketball-reference.com/players/l/looneke01.html
280,Brook Lopez,C,31,MIL,18,18,487,6.0,14.9,.406,2.6,8.7,.298,3.4,6.1,.561,3.4,3.7,.925,1.0,7.1,8.1,2.5,1.2,4.2,1.9,3.9,18.1,,109,100,https://www.basketball-reference.com/players/l/lopezbr01.html
281,Robin Lopez,C,31,MIL,18,0,241,6.0,12.2,.492,1.3,4.9,.269,4.7,7.3,.641,1.3,2.4,.538,2.8,5.6,8.4,1.5,0.6,1.7,4.3,5.6,14.6,,91,106,https://www.basketball-reference.com/players/l/lopezro01.html
282,Kevin Love,PF,31,CLE,15,15,474,7.8,17.8,.440,3.3,9.3,.352,4.6,8.6,.536,7.5,8.6,.881,1.6,15.7,17.3,4.0,1.1,0.6,4.5,2.3,26.5,,111,109,https://www.basketball-reference.com/players/l/loveke01.html
283,Kyle Lowry,PG,33,TOR,8,8,289,8.9,18.6,.478,4.8,11.2,.426,4.1,7.4,.556,6.1,6.9,.881,0.3,5.3,5.6,8.5,1.5,0.5,4.4,3.8,28.6,,120,106,https://www.basketball-reference.com/players/l/lowryky01.html
284,Timothé Luwawu-Cabarrot,SG,24,BRK,2,0,6,0.0,15.5,.000,0.0,7.8,.000,0.0,7.8,.000,7.8,15.5,.500,0.0,0.0,0.0,0.0,0.0,0.0,0.0,0.0,7.8,,41,118,https://www.basketball-reference.com/players/l/luwawti01.html
285,Trey Lyles,PF,24,SAS,19,14,329,4.2,8.9,.468,2.0,4.8,.424,2.2,4.2,.517,0.7,1.3,.556,4.0,13.3,17.3,3.2,0.4,0.7,2.2,3.2,11.1,,115,113,https://www.basketball-reference.com/players/l/lylestr01.html
286,Daryl Macon,SG,24,MIA,3,0,13,3.7,11.0,.333,3.7,7.3,.500,0.0,3.7,.000,0.0,0.0,,0.0,0.0,0.0,3.7,0.0,0.0,7.3,3.7,11.0,,65,113,https://www.basketball-reference.com/players/m/maconda01.html
287,Josh Magette,PG,30,ORL,2,0,8,12.3,30.7,.400,0.0,0.0,,12.3,30.7,.400,0.0,0.0,,6.1,6.1,12.3,12.3,12.3,0.0,0.0,0.0,24.6,,108,84,https://www.basketball-reference.com/players/m/magetjo01.html
288,Thon Maker,C,22,DET,17,0,208,4.4,9.1,.487,1.4,3.0,.462,3.0,6.1,.500,3.7,7.2,.516,2.3,5.8,8.1,2.1,1.4,2.8,2.3,6.5,14.0,,107,108,https://www.basketball-reference.com/players/m/makerth01.html
289,Terance Mann,SG,23,LAC,14,3,117,5.2,10.8,.481,0.4,2.4,.167,4.8,8.4,.571,2.4,2.8,.857,0.4,6.0,6.4,6.8,1.6,0.0,2.8,6.0,13.2,,109,106,https://www.basketball-reference.com/players/m/mannte01.html
290,Boban Marjanović,C,31,DAL,8,1,104,11.0,22.1,.500,0.0,0.5,.000,11.0,21.6,.511,4.6,5.5,.833,5.5,11.5,17.0,2.3,0.9,0.5,3.2,6.4,26.7,,110,108,https://www.basketball-reference.com/players/m/marjabo01.html
291,Lauri Markkanen,PF,22,CHI,19,19,556,6.4,18.1,.353,2.4,8.7,.282,4.0,9.4,.420,6.0,7.3,.816,1.5,9.6,11.1,2.8,1.4,0.8,3.1,2.9,21.2,,97,107,https://www.basketball-reference.com/players/m/markkla01.html
292,Caleb Martin,SF,24,CHO,3,0,25,3.9,17.4,.222,0.0,5.8,.000,3.9,11.6,.333,1.9,5.8,.333,0.0,7.7,7.7,5.8,1.9,3.9,5.8,3.9,9.7,,51,108,https://www.basketball-reference.com/players/m/martica02.html
293,,,,,,,,,,,,,,,,,,,,,,,,,,,,,,,,Error on row 293
294,Cody Martin,SF,24,CHO,16,0,189,3.8,10.7,.357,0.3,4.6,.056,3.6,6.1,.583,3.8,5.6,.682,2.0,7.2,9.2,4.6,3.3,0.3,1.8,4.9,11.8,,101,109,https://www.basketball-reference.com/players/m/martico01.html
295,Kelan Martin,SF,24,MIN,8,0,116,5.9,17.4,.341,2.0,9.5,.208,4.0,7.9,.500,0.0,0.0,,0.8,9.1,9.9,0.8,0.4,0.4,1.2,7.1,13.9,,81,110,https://www.basketball-reference.com/players/m/martike03.html
296,Garrison Mathews,SG,23,WAS,2,0,14,0.0,6.6,.000,0.0,6.6,.000,0.0,0.0,,0.0,0.0,,0.0,3.3,3.3,6.6,0.0,0.0,3.3,9.8,0.0,,39,121,https://www.basketball-reference.com/players/m/mathega01.html
297,Wesley Matthews,SG,33,MIL,18,18,445,5.1,11.4,.446,3.2,8.1,.388,1.9,3.3,.594,1.7,2.1,.810,0.2,3.8,4.0,2.3,1.1,0.2,1.6,2.1,15.0,,113,108,https://www.basketball-reference.com/players/m/matthwe02.html
298,Patrick McCaw,SF,24,TOR,2,0,40,3.6,5.9,.600,1.2,3.6,.333,2.4,2.4,1.000,1.2,2.4,.500,2.4,4.8,7.1,3.6,3.6,0.0,3.6,3.6,9.5,,106,102,https://www.basketball-reference.com/players/m/mccawpa01.html
299,CJ McCollum,SG,28,POR,19,19,698,11.3,25.9,.437,3.2,8.6,.375,8.1,17.3,.467,2.3,2.8,.810,1.1,4.6,5.7,4.9,1.0,1.0,2.7,3.7,28.1,,105,114,https://www.basketball-reference.com/players/m/mccolcj01.html
300,T.J. McConnell,PG,27,IND,15,0,270,9.1,17.7,.515,0.2,0.5,.333,9.0,17.2,.521,1.4,1.6,.889,1.4,6.6,8.1,13.1,1.8,0.5,4.1,3.6,19.9,,111,104,https://www.basketball-reference.com/players/m/mccontj01.html
301,Jalen McDaniels,PF,22,CHO,1,0,3,16.1,32.2,.500,0.0,0.0,,16.1,32.2,.500,0.0,0.0,,16.1,0.0,16.1,0.0,0.0,0.0,0.0,0.0,32.2,,118,121,https://www.basketball-reference.com/players/m/mcdanja01.html
302,Doug McDermott,PF,28,IND,17,0,361,7.6,17.5,.435,3.7,8.4,.444,3.9,9.1,.426,1.1,1.3,.800,0.9,5.8,6.7,2.7,0.3,0.3,2.1,4.2,20.1,,105,108,https://www.basketball-reference.com/players/m/mcderdo01.html
303,JaVale McGee,C,32,LAL,18,18,299,9.0,14.6,.615,0.0,0.0,,9.0,14.6,.615,1.8,3.0,.579,5.4,11.7,17.1,2.1,1.6,3.4,2.2,5.6,19.7,,121,98,https://www.basketball-reference.com/players/m/mcgeeja01.html
304,Rodney McGruder,SG,28,LAC,15,2,260,4.1,10.8,.383,2.0,6.3,.314,2.2,4.5,.480,0.5,1.4,.375,2.0,4.5,6.5,2.2,0.7,0.5,1.3,4.7,10.8,,102,109,https://www.basketball-reference.com/players/m/mcgruro01.html
305,Alfonzo McKinnie,SF,27,CLE,12,0,141,4.8,11.3,.424,2.4,5.1,.467,2.4,6.2,.389,2.1,3.1,.667,1.7,7.9,9.6,1.0,1.7,1.0,2.1,5.5,14.0,,103,111,https://www.basketball-reference.com/players/m/mckinal01.html
306,Jordan McLaughlin,PG,23,MIN,4,0,57,3.2,12.1,.267,0.8,6.4,.125,2.4,5.6,.429,1.6,1.6,1.000,0.8,4.8,5.6,6.4,0.8,0.0,3.2,3.2,8.9,,79,112,https://www.basketball-reference.com/players/m/mclaujo01.html
307,Ben McLemore,SG,26,HOU,18,4,362,5.0,15.1,.333,3.8,13.0,.291,1.3,2.1,.588,2.6,3.2,.840,0.9,3.4,4.3,1.9,1.5,0.4,1.4,4.3,16.5,,103,112,https://www.basketball-reference.com/players/m/mclembe01.html
308,Jordan McRae,SG,28,WAS,10,0,169,8.7,17.4,.500,2.7,5.7,.476,6.0,11.7,.512,3.0,3.3,.917,0.5,6.0,6.5,7.1,1.4,1.1,2.7,5.4,23.1,,119,116,https://www.basketball-reference.com/players/m/mcraejo01.html
309,Nicolò Melli,C,29,NOP,16,3,263,5.9,12.9,.459,3.3,8.7,.380,2.6,4.2,.625,2.8,3.5,.800,2.1,6.3,8.4,3.7,1.7,0.5,2.1,5.4,17.9,,121,114,https://www.basketball-reference.com/players/m/mellini01.html
310,De'Anthony Melton,PG,21,MEM,7,0,57,6.5,17.0,.381,2.4,6.5,.375,4.0,10.5,.385,1.6,3.2,.500,0.8,5.7,6.5,7.3,4.9,0.8,4.9,4.0,17.0,,87,107,https://www.basketball-reference.com/players/m/meltode01.html
311,Chimezie Metu,PF,22,SAS,6,0,21,15.8,27.1,.583,0.0,0.0,,15.8,27.1,.583,4.5,9.0,.500,15.8,9.0,24.9,4.5,0.0,4.5,0.0,0.0,36.2,,138,111,https://www.basketball-reference.com/players/m/metuch01.html
312,Khris Middleton,SF,28,MIL,11,10,327,9.7,21.0,.461,3.5,9.0,.385,6.2,12.0,.517,5.0,5.7,.878,1.1,7.2,8.3,4.4,1.4,0.1,3.2,4.3,27.8,,112,105,https://www.basketball-reference.com/players/m/middlkh01.html
313,C.J. Miles,SG,32,WAS,10,0,161,5.4,16.8,.322,3.1,10.0,.314,2.3,6.8,.333,4.3,5.7,.750,1.1,2.3,3.4,3.4,2.9,1.1,1.1,4.0,18.3,,103,114,https://www.basketball-reference.com/players/m/milescj01.html
314,,,,,,,,,,,,,,,,,,,,,,,,,,,,,,,,Error on row 314
315,Malcolm Miller,SF,26,TOR,6,1,39,7.3,11.0,.667,6.1,9.7,.625,1.2,1.2,1.000,1.2,2.4,.500,0.0,6.1,6.1,2.4,0.0,0.0,2.4,3.7,21.9,,137,109,https://www.basketball-reference.com/players/m/millema01.html
316,Patty Mills,PG,31,SAS,19,1,429,8.4,17.6,.478,4.4,10.0,.444,4.0,7.6,.522,2.8,3.4,.806,0.4,2.3,2.8,4.4,2.0,0.4,2.4,3.4,24.0,,118,115,https://www.basketball-reference.com/players/m/millspa02.html
317,Paul Millsap,PF,34,DEN,16,16,423,8.5,17.7,.484,2.3,4.7,.488,6.2,12.9,.482,6.6,7.5,.877,3.9,7.3,11.2,2.4,1.6,1.5,1.8,5.2,26.0,,126,102,https://www.basketball-reference.com/players/m/millspa01.html
318,Shake Milton,SG,23,PHI,8,0,70,6.8,19.8,.345,2.7,11.6,.235,4.1,8.2,.500,4.1,4.8,.857,0.7,4.1,4.8,2.7,0.7,0.0,8.2,8.9,20.5,,73,108,https://www.basketball-reference.com/players/m/miltosh01.html
319,Donovan Mitchell,SG,23,UTA,18,18,625,12.8,28.5,.450,3.2,8.5,.378,9.6,20.0,.481,6.3,7.6,.838,1.5,5.6,7.0,5.1,1.8,0.4,3.1,3.4,35.2,,109,105,https://www.basketball-reference.com/players/m/mitchdo01.html
320,Naz Mitrou-Long,SG,26,IND,3,0,43,6.7,18.0,.375,2.2,12.4,.182,4.5,5.6,.800,0.0,0.0,,0.0,6.7,6.7,7.9,1.1,1.1,2.2,1.1,15.7,,96,105,https://www.basketball-reference.com/players/m/mitrona01.html
321,Malik Monk,SG,21,CHO,19,0,399,9.1,19.9,.457,2.5,9.0,.284,6.5,10.9,.600,2.8,3.4,.821,0.7,5.2,5.9,5.2,0.8,0.5,3.4,3.9,23.5,,103,116,https://www.basketball-reference.com/players/m/monkma01.html
322,E'Twaun Moore,SG,30,NOP,13,3,277,8.9,20.5,.435,3.0,7.4,.400,6.0,13.1,.456,1.7,2.6,.625,2.2,4.5,6.6,3.5,0.8,0.2,1.3,4.1,22.5,,110,118,https://www.basketball-reference.com/players/m/mooreet01.html
323,Ja Morant,PG,20,MEM,16,16,457,11.5,24.7,.465,1.4,3.4,.412,10.1,21.3,.474,6.5,8.3,.780,1.6,3.5,5.1,10.6,2.2,0.5,5.7,2.6,30.9,,105,114,https://www.basketball-reference.com/players/m/moranja01.html
324,Juwan Morgan,PF,22,UTA,1,0,3,0.0,0.0,,0.0,0.0,,0.0,0.0,,0.0,0.0,,0.0,15.9,15.9,0.0,0.0,0.0,0.0,15.9,0.0,,,103,https://www.basketball-reference.com/players/m/morgaju01.html
325,Marcus Morris,SF,30,NYK,18,18,594,8.9,21.2,.420,4.2,8.2,.515,4.7,13.0,.361,5.6,6.7,.840,1.8,7.3,9.1,2.0,1.5,0.9,2.9,4.6,27.7,,111,112,https://www.basketball-reference.com/players/m/morrima03.html
326,Markieff Morris,PF,30,DET,18,12,419,8.2,17.8,.461,3.2,8.2,.394,5.0,9.6,.518,2.5,3.5,.733,0.9,7.0,8.0,3.2,1.4,0.5,3.6,5.0,22.2,,102,111,https://www.basketball-reference.com/players/m/morrima02.html
327,Monte Morris,PG,24,DEN,16,0,277,8.1,19.0,.426,1.2,3.0,.412,6.9,16.0,.429,2.5,3.5,.700,0.7,4.6,5.3,9.9,1.1,0.5,1.8,1.6,19.9,,110,106,https://www.basketball-reference.com/players/m/morrimo01.html
328,Johnathan Motley,PF,24,LAC,2,0,4,11.7,35.2,.333,11.7,11.7,1.000,0.0,23.4,.000,0.0,0.0,,11.7,11.7,23.4,23.4,0.0,0.0,23.4,11.7,35.2,,88,106,https://www.basketball-reference.com/players/m/motlejo01.html
329,Emmanuel Mudiay,PG,23,UTA,15,0,249,10.0,19.4,.515,1.3,4.4,.304,8.6,15.0,.577,3.3,4.2,.773,1.0,7.3,8.2,7.1,1.2,0.8,5.8,5.0,24.6,,100,105,https://www.basketball-reference.com/players/m/mudiaem01.html
330,Dejounte Murray,PG,23,SAS,16,13,360,8.6,17.9,.478,0.5,2.6,.200,8.0,15.3,.526,4.0,5.1,.769,2.6,11.1,13.7,8.7,3.0,0.7,5.1,5.1,21.6,,103,108,https://www.basketball-reference.com/players/m/murrade01.html
331,Jamal Murray,PG,22,DEN,16,16,527,10.6,24.0,.440,2.9,8.1,.356,7.7,15.9,.483,3.8,4.3,.891,1.2,5.6,6.8,7.1,2.4,0.6,3.8,3.0,27.8,,105,102,https://www.basketball-reference.com/players/m/murraja01.html
332,Džanan Musa,SF,20,BRK,13,0,211,5.3,15.7,.338,1.3,7.7,.171,4.0,7.9,.500,4.0,5.3,.750,1.3,7.3,8.6,3.1,1.3,0.2,4.0,2.6,15.9,,84,111,https://www.basketball-reference.com/players/m/musadz01.html
333,Mike Muscala,C,28,OKC,13,0,150,4.8,16.7,.288,3.2,12.5,.256,1.6,4.2,.385,2.2,2.6,.875,1.9,8.7,10.6,4.5,1.0,1.0,1.6,6.4,15.1,,95,109,https://www.basketball-reference.com/players/m/muscami01.html
334,Sviatoslav Mykhailiuk,SF,22,DET,13,0,205,4.7,11.3,.417,4.3,9.0,.474,0.5,2.4,.200,0.5,0.5,1.000,0.5,2.8,3.3,3.5,0.9,0.2,2.8,3.8,14.2,,104,114,https://www.basketball-reference.com/players/m/mykhasv01.html
335,,,,,,,,,,,,,,,,,,,,,,,,,,,,,,,,Error on row 335
336,Abdel Nader,SF,26,OKC,10,0,131,7.0,15.5,.452,2.9,8.1,.364,4.0,7.4,.550,4.8,5.5,.867,1.5,5.2,6.6,1.8,1.1,1.1,4.4,3.7,21.7,,101,111,https://www.basketball-reference.com/players/n/naderab01.html
337,Larry Nance,C,27,CLE,16,3,414,7.6,14.6,.520,2.2,6.1,.365,5.4,8.5,.630,2.4,3.4,.724,4.0,10.1,14.1,2.4,2.2,0.7,1.6,3.0,19.8,,124,109,https://www.basketball-reference.com/players/n/nancela02.html
338,Shabazz Napier,PG,28,MIN,6,0,133,4.5,14.9,.302,2.4,10.7,.226,2.1,4.1,.500,4.8,5.5,.875,0.3,4.8,5.2,9.3,3.1,1.0,4.1,1.4,16.2,,97,106,https://www.basketball-reference.com/players/n/napiesh01.html
339,Raul Neto,PG,27,PHI,15,2,182,6.6,13.2,.500,1.8,3.9,.467,4.7,9.2,.514,0.5,0.5,1.000,0.5,3.7,4.2,6.1,1.8,0.5,3.9,2.4,15.5,,100,106,https://www.basketball-reference.com/players/n/netora01.html
340,Georges Niang,PF,26,UTA,13,0,128,6.7,14.2,.474,3.4,8.6,.391,3.4,5.6,.600,2.2,3.0,.750,0.4,6.3,6.7,2.6,0.0,0.7,2.6,7.1,19.0,,108,108,https://www.basketball-reference.com/players/n/niangge01.html
341,Nerlens Noel,C,25,OKC,16,3,292,7.9,12.4,.640,0.0,0.0,,7.9,12.4,.640,4.1,5.0,.833,3.3,9.1,12.4,4.0,2.6,4.6,3.3,7.9,20.0,,123,100,https://www.basketball-reference.com/players/n/noelne01.html
342,Zach Norvell,SG,22,LAL,2,0,5,0.0,9.6,.000,0.0,0.0,,0.0,9.6,.000,0.0,0.0,,0.0,9.6,9.6,0.0,0.0,0.0,0.0,0.0,0.0,,0,107,https://www.basketball-reference.com/players/n/norveza01.html
343,Jaylen Nowell,SG,20,MIN,2,0,15,3.1,12.3,.250,0.0,9.2,.000,3.1,3.1,1.000,3.1,3.1,1.000,0.0,3.1,3.1,9.2,0.0,0.0,3.1,3.1,9.2,,83,115,https://www.basketball-reference.com/players/n/nowelja01.html
344,Frank Ntilikina,PG,21,NYK,17,13,452,4.3,11.5,.377,1.5,4.8,.318,2.8,6.7,.419,1.4,1.8,.765,0.9,3.4,4.2,6.6,2.8,1.1,2.0,5.0,11.6,,105,111,https://www.basketball-reference.com/players/n/ntilila01.html
345,Kendrick Nunn,SG,24,MIA,17,17,499,10.6,22.1,.478,3.8,9.4,.404,6.8,12.7,.534,1.7,2.1,.818,0.2,3.6,3.8,5.3,2.1,0.5,3.5,4.5,26.7,,106,105,https://www.basketball-reference.com/players/n/nunnke01.html
346,David Nwaba,SF,27,BRK,11,0,119,3.9,5.9,.667,1.2,2.3,.500,2.7,3.5,.778,2.3,3.9,.600,1.6,7.0,8.6,1.6,1.6,2.3,2.0,6.3,11.3,,124,108,https://www.basketball-reference.com/players/n/nwabada01.html
347,Royce O'Neale,PF,26,UTA,18,17,521,3.3,6.7,.493,1.9,4.0,.477,1.4,2.7,.517,0.9,1.1,.833,0.1,7.3,7.4,4.1,1.2,0.6,1.5,4.8,9.4,,121,105,https://www.basketball-reference.com/players/o/onealro01.html
348,Kyle O'Quinn,C,29,PHI,13,0,120,7.2,13.2,.545,2.0,4.8,.417,5.2,8.4,.619,0.8,2.4,.333,5.2,12.0,17.2,6.8,0.8,2.8,4.8,7.2,17.2,,109,101,https://www.basketball-reference.com/players/o/oquinky01.html
349,Semi Ojeleye,PF,25,BOS,17,1,214,3.4,8.8,.385,1.6,4.9,.318,1.8,3.8,.471,0.7,1.1,.600,0.9,4.9,5.8,1.3,1.1,0.2,0.7,3.6,9.0,,101,108,https://www.basketball-reference.com/players/o/ojelese01.html
350,Jahlil Okafor,C,24,NOP,11,5,193,10.0,15.2,.656,0.0,0.2,.000,10.0,15.0,.667,5.0,7.6,.656,5.0,7.4,12.3,3.1,0.9,3.1,4.0,7.6,24.9,,120,112,https://www.basketball-reference.com/players/o/okafoja01.html
351,Elie Okobo,PG,22,PHO,12,0,137,6.8,16.4,.417,3.4,7.5,.455,3.4,8.9,.385,3.1,5.8,.529,0.7,3.7,4.4,11.6,1.4,0.0,1.4,2.7,20.1,,121,112,https://www.basketball-reference.com/players/o/okoboel01.html
352,Josh Okogie,SG,21,MIN,16,2,391,5.2,11.6,.444,1.2,4.5,.263,4.0,7.2,.557,4.8,6.5,.745,2.8,7.2,10.0,3.6,2.1,0.7,2.8,4.1,16.3,,110,107,https://www.basketball-reference.com/players/o/okogijo01.html
353,KZ Okpala,SF,20,MIA,2,0,3,0.0,0.0,,0.0,0.0,,0.0,0.0,,0.0,0.0,,0.0,15.8,15.8,0.0,0.0,0.0,15.8,0.0,0.0,,0,104,https://www.basketball-reference.com/players/o/okpalkz01.html
354,Kelly Olynyk,C,28,MIA,17,0,402,6.0,13.2,.455,3.5,8.0,.441,2.5,5.2,.477,2.2,2.6,.864,2.1,9.2,11.3,3.2,2.1,0.8,3.1,5.2,17.8,,111,102,https://www.basketball-reference.com/players/o/olynyke01.html
355,Miye Oni,SG,22,UTA,2,0,4,0.0,0.0,,0.0,0.0,,0.0,0.0,,0.0,0.0,,0.0,0.0,0.0,0.0,0.0,0.0,11.9,0.0,0.0,,0,112,https://www.basketball-reference.com/players/o/onimi01.html
356,,,,,,,,,,,,,,,,,,,,,,,,,,,,,,,,Error on row 356
357,Cedi Osman,SF,24,CLE,18,18,534,5.4,13.5,.403,2.5,7.1,.359,2.9,6.4,.451,1.5,2.3,.680,0.8,5.5,6.3,3.3,1.6,0.4,2.0,3.8,14.9,,102,113,https://www.basketball-reference.com/players/o/osmande01.html
358,Kelly Oubre,SF,24,PHO,17,17,518,9.1,19.8,.459,2.2,6.4,.338,6.9,13.4,.517,6.0,7.3,.827,2.1,6.7,8.7,2.5,2.0,0.8,2.6,4.7,26.4,,110,108,https://www.basketball-reference.com/players/o/oubreke01.html
359,Jabari Parker,PF,24,ATL,18,13,508,12.0,23.3,.518,1.9,6.6,.292,10.1,16.6,.608,3.4,4.8,.712,3.5,7.4,10.8,3.4,2.5,0.8,3.1,5.9,29.4,,111,112,https://www.basketball-reference.com/players/p/parkeja01.html
360,Chandler Parsons,SF,31,ATL,2,0,19,7.4,17.2,.429,4.9,12.3,.400,2.5,4.9,.500,0.0,0.0,,2.5,4.9,7.4,0.0,7.4,0.0,2.5,2.5,19.7,,101,103,https://www.basketball-reference.com/players/p/parsoch01.html
361,Eric Paschall,PF,23,GSW,18,12,566,9.6,19.1,.504,1.0,3.8,.267,8.6,15.3,.563,5.4,6.6,.810,2.1,6.1,8.2,2.4,0.6,0.6,2.3,3.2,25.6,,112,117,https://www.basketball-reference.com/players/p/pascher01.html
362,Patrick Patterson,PF,30,LAC,17,11,243,5.0,13.5,.371,4.1,10.4,.389,1.0,3.1,.313,0.8,1.5,.500,2.3,6.9,9.3,2.5,0.4,0.4,1.2,2.7,14.9,,112,108,https://www.basketball-reference.com/players/p/pattepa01.html
363,Justin Patton,C,22,OKC,2,0,9,5.4,16.1,.333,0.0,5.4,.000,5.4,10.7,.500,0.0,0.0,,0.0,10.7,10.7,0.0,0.0,0.0,5.4,21.4,10.7,,49,110,https://www.basketball-reference.com/players/p/pattoju01.html
364,Chris Paul,PG,34,OKC,17,17,518,7.9,17.5,.452,2.7,6.9,.392,5.2,10.6,.491,7.1,8.0,.884,0.5,6.0,6.5,8.9,2.8,0.0,3.3,3.6,25.6,,120,108,https://www.basketball-reference.com/players/p/paulch01.html
365,Elfrid Payton,PG,25,NYK,4,3,102,5.3,13.9,.379,2.4,3.8,.625,2.9,10.1,.286,2.4,2.9,.833,1.4,4.3,5.8,7.2,4.8,0.0,3.4,3.8,15.4,,103,108,https://www.basketball-reference.com/players/p/paytoel01.html
366,Theo Pinson,SG,24,BRK,9,0,137,5.1,19.0,.268,2.0,9.2,.222,3.1,9.8,.310,2.4,2.7,.875,0.7,3.7,4.4,8.5,2.0,0.0,4.1,3.4,14.6,,81,111,https://www.basketball-reference.com/players/p/pinsoth01.html
367,Mason Plumlee,C,29,DEN,16,0,267,8.4,14.5,.582,0.0,0.4,.000,8.4,14.1,.597,3.8,7.3,.525,5.5,10.4,15.9,6.6,1.6,2.4,4.4,7.7,20.7,,111,99,https://www.basketball-reference.com/players/p/plumlma01.html
368,Vincent Poirier,C,26,BOS,6,0,31,4.7,12.4,.375,0.0,0.0,,4.7,12.4,.375,1.6,3.1,.500,7.8,4.7,12.4,4.7,1.6,3.1,4.7,10.9,10.9,,90,103,https://www.basketball-reference.com/players/p/poirivi01.html
369,Jakob Pöltl,C,24,SAS,19,5,334,6.4,11.4,.563,0.0,0.0,,6.4,11.4,.563,2.3,4.0,.571,6.0,9.7,15.6,4.0,1.4,2.7,2.6,5.0,15.1,,118,110,https://www.basketball-reference.com/players/p/poeltja01.html
370,Shamorie Ponds,PG,21,TOR,1,0,6,15.8,23.8,.667,0.0,7.9,.000,15.8,15.8,1.000,0.0,0.0,,0.0,7.9,7.9,15.8,0.0,0.0,0.0,15.8,31.7,,153,107,https://www.basketball-reference.com/players/p/pondssh01.html
371,Jordan Poole,SG,20,GSW,19,9,495,5.2,19.1,.270,2.3,9.8,.235,2.9,9.4,.306,3.3,3.8,.875,0.4,4.5,4.9,4.3,1.1,0.4,2.7,4.1,16.0,,81,117,https://www.basketball-reference.com/players/p/poolejo01.html
372,Kevin Porter,SF,19,CLE,17,1,355,5.8,14.8,.394,1.1,5.0,.216,4.8,9.8,.486,2.6,3.4,.760,0.8,6.1,6.9,4.6,1.9,0.5,3.0,6.1,15.4,,93,112,https://www.basketball-reference.com/players/p/porteke02.html
373,Michael Porter,PF,21,DEN,10,0,90,8.1,18.5,.441,1.1,5.4,.200,7.1,13.0,.542,2.7,4.3,.625,4.3,8.1,12.5,2.2,0.0,1.6,3.3,7.1,20.1,,97,105,https://www.basketball-reference.com/players/p/portemi01.html
374,Otto Porter,SF,26,CHI,9,9,226,7.3,17.4,.417,3.3,8.3,.400,3.9,9.1,.432,3.1,4.1,.750,1.7,4.8,6.4,2.9,1.9,0.6,1.5,4.1,20.9,,111,109,https://www.basketball-reference.com/players/p/porteot01.html
375,Bobby Portis,C,24,NYK,18,2,405,8.1,20.0,.406,2.5,6.2,.412,5.6,13.8,.404,1.5,1.9,.750,4.0,9.4,13.4,2.5,1.5,0.7,2.2,3.9,20.2,,102,111,https://www.basketball-reference.com/players/p/portibo01.html
376,Kristaps Porziņģis,PF,24,DAL,16,16,499,10.1,24.6,.410,3.5,9.6,.370,6.5,15.0,.436,4.3,6.2,.692,2.6,11.5,14.1,2.4,0.8,3.3,2.7,4.6,28.0,,103,105,https://www.basketball-reference.com/players/p/porzikr01.html
377,,,,,,,,,,,,,,,,,,,,,,,,,,,,,,,,Error on row 377
378,Dwight Powell,C,28,DAL,14,11,354,5.9,9.1,.657,0.4,1.1,.375,5.5,8.0,.695,1.9,3.5,.538,3.1,4.9,8.0,2.4,1.4,0.8,2.2,5.1,14.2,,123,111,https://www.basketball-reference.com/players/p/poweldw01.html
379,Norman Powell,SG,26,TOR,17,9,463,7.2,16.4,.438,2.7,7.8,.342,4.5,8.6,.524,3.1,3.7,.833,0.9,6.1,7.0,2.8,1.1,0.6,2.6,3.0,20.1,,104,106,https://www.basketball-reference.com/players/p/powelno01.html
380,Julius Randle,PF,25,NYK,18,18,587,9.4,21.1,.447,1.5,5.6,.269,7.9,15.5,.511,4.3,6.9,.627,3.8,9.8,13.5,5.4,1.2,0.3,5.1,4.6,24.7,,99,112,https://www.basketball-reference.com/players/r/randlju01.html
381,Cam Reddish,SF,20,ATL,16,14,395,4.7,16.1,.294,1.5,7.1,.217,3.2,9.0,.355,3.1,3.9,.788,1.1,5.7,6.7,3.3,1.8,0.6,3.4,3.7,14.1,,79,115,https://www.basketball-reference.com/players/r/reddica01.html
382,J.J. Redick,SG,35,NOP,17,13,479,7.6,17.0,.444,5.6,11.8,.480,1.9,5.3,.364,4.1,4.9,.843,0.4,4.4,4.8,3.1,0.8,0.5,2.3,2.5,24.9,,121,118,https://www.basketball-reference.com/players/r/redicjj01.html
383,Josh Richardson,SG,26,PHI,16,16,512,8.7,19.1,.456,3.0,7.8,.386,5.7,11.3,.504,3.7,4.7,.800,0.9,4.2,5.1,5.4,1.7,0.9,3.5,4.4,24.1,,108,105,https://www.basketball-reference.com/players/r/richajo01.html
384,Austin Rivers,SG,27,HOU,18,1,423,5.4,13.5,.400,2.2,7.7,.282,3.2,5.8,.556,1.7,2.5,.696,1.2,3.6,4.8,2.4,0.9,0.2,1.2,3.3,14.7,,106,114,https://www.basketball-reference.com/players/r/riverau01.html
385,Duncan Robinson,SF,25,MIA,17,12,425,6.7,15.1,.444,4.9,12.3,.400,1.8,2.8,.640,1.3,1.3,1.000,0.2,4.4,4.6,1.5,1.5,0.8,1.3,4.7,19.7,,115,106,https://www.basketball-reference.com/players/r/robindu01.html
386,Glenn Robinson,SF,26,GSW,19,19,604,7.1,14.6,.484,2.0,4.8,.410,5.1,9.8,.520,1.7,2.0,.846,2.5,4.5,7.1,3.2,1.6,0.3,1.3,2.4,17.8,,117,116,https://www.basketball-reference.com/players/r/robingl02.html
387,Jerome Robinson,SG,22,LAC,14,0,152,5.2,14.5,.362,2.5,7.4,.333,2.8,7.1,.391,0.6,1.2,.500,0.0,4.6,4.6,4.3,1.2,1.5,3.1,5.9,13.6,,87,106,https://www.basketball-reference.com/players/r/robinje01.html
388,Justin Robinson,PG,22,WAS,4,0,12,7.7,19.1,.400,3.8,3.8,1.000,3.8,15.3,.250,0.0,0.0,,3.8,7.7,11.5,7.7,0.0,0.0,7.7,0.0,19.1,,88,119,https://www.basketball-reference.com/players/r/robinju01.html
389,Mitchell Robinson,C,21,NYK,14,6,276,9.2,12.8,.722,0.0,0.0,,9.2,12.8,.722,4.8,6.6,.730,6.9,8.5,15.5,1.6,1.6,5.0,2.3,8.4,23.3,,140,106,https://www.basketball-reference.com/players/r/robinmi01.html
390,Rajon Rondo,PG,33,LAL,8,0,171,6.7,17.1,.393,2.8,7.0,.400,3.9,10.1,.389,1.4,2.0,.714,1.1,6.2,7.3,12.3,2.5,0.0,4.2,2.8,17.6,,104,103,https://www.basketball-reference.com/players/r/rondora01.html
391,Derrick Rose,PG,31,DET,13,1,309,13.0,26.5,.491,1.4,4.2,.333,11.6,22.3,.521,5.6,6.3,.900,0.9,2.8,3.8,11.0,1.7,0.9,6.0,2.7,33.1,,107,112,https://www.basketball-reference.com/players/r/rosede01.html
392,Terrence Ross,SG,28,ORL,15,0,360,8.6,22.1,.389,3.6,12.6,.283,5.1,9.6,.529,3.4,4.0,.862,0.7,5.5,6.1,2.0,1.9,0.4,2.5,3.3,24.2,,97,107,https://www.basketball-reference.com/players/r/rosste01.html
393,Terry Rozier,PG,25,CHO,19,19,613,9.0,21.2,.424,3.4,9.2,.368,5.6,12.0,.467,4.3,5.0,.859,1.1,4.8,5.9,6.5,1.7,0.3,4.5,3.3,25.7,,103,114,https://www.basketball-reference.com/players/r/roziete01.html
394,Ricky Rubio,PG,29,PHO,12,12,364,6.8,17.1,.398,1.7,5.0,.333,5.1,12.1,.426,4.6,5.4,.857,0.9,7.4,8.3,11.9,1.9,0.0,3.2,4.2,19.9,,111,108,https://www.basketball-reference.com/players/r/rubiori01.html
395,D'Angelo Russell,SG,23,GSW,10,10,315,12.8,28.1,.455,4.2,11.9,.354,8.6,16.2,.528,6.8,8.9,.763,0.3,5.1,5.4,10.1,1.2,0.8,5.1,2.7,36.5,,108,116,https://www.basketball-reference.com/players/r/russeda01.html
396,Domantas Sabonis,C,23,IND,15,15,510,10.6,20.9,.509,0.5,1.8,.263,10.1,19.1,.532,5.2,6.4,.821,5.4,13.5,18.9,5.1,0.9,0.9,3.7,4.9,26.9,,114,102,https://www.basketball-reference.com/players/s/sabondo01.html
397,JaKarr Sampson,SF,26,IND,9,7,166,6.7,11.9,.561,0.6,2.9,.200,6.1,9.0,.677,0.6,2.0,.286,2.0,5.0,7.0,1.2,1.5,1.7,1.7,6.7,14.6,,106,104,https://www.basketball-reference.com/players/s/sampsja02.html
398,,,,,,,,,,,,,,,,,,,,,,,,,,,,,,,,Error on row 398
399,Dario Šarić,PF,25,PHO,17,17,468,6.7,15.8,.424,3.1,7.9,.392,3.6,7.9,.456,1.7,2.1,.810,2.8,9.0,11.8,3.4,1.8,0.7,2.5,4.1,18.2,,105,107,https://www.basketball-reference.com/players/s/saricda01.html
400,Tomáš Satoranský,PG,28,CHI,19,19,495,6.2,13.5,.462,2.4,5.4,.439,3.9,8.1,.477,1.7,2.0,.857,1.6,4.4,6.1,9.2,2.7,0.3,3.9,4.0,16.6,,110,108,https://www.basketball-reference.com/players/s/satorto01.html
401,Admiral Schofield,SF,22,WAS,6,0,52,6.2,8.8,.700,3.5,6.2,.571,2.7,2.7,1.000,3.5,3.5,1.000,1.8,5.3,7.1,0.9,0.0,0.0,0.0,2.7,19.4,,188,121,https://www.basketball-reference.com/players/s/schofad01.html
402,Dennis Schröder,PG,26,OKC,17,0,490,9.5,21.8,.437,2.2,7.6,.286,7.4,14.3,.517,3.5,4.7,.750,0.8,6.1,6.9,6.4,1.4,0.5,4.8,4.1,24.8,,96,110,https://www.basketball-reference.com/players/s/schrode01.html
403,Mike Scott,PF,31,PHI,18,0,341,5.8,13.3,.432,2.9,8.3,.356,2.8,5.1,.556,1.1,1.3,.889,1.8,6.9,8.7,1.7,0.7,0.3,1.0,4.1,15.6,,114,107,https://www.basketball-reference.com/players/s/scottmi01.html
404,Thabo Sefolosha,PF,35,HOU,15,0,165,3.0,10.5,.289,1.9,6.6,.292,1.1,3.9,.286,0.0,0.0,,2.8,7.2,10.0,3.9,1.7,1.1,1.1,4.4,8.0,,99,109,https://www.basketball-reference.com/players/s/sefolth01.html
405,Collin Sexton,SG,21,CLE,18,18,549,10.8,24.8,.436,2.0,6.2,.329,8.8,18.6,.472,4.8,5.9,.806,1.5,3.8,5.3,3.6,1.1,0.1,3.0,3.3,28.4,,103,116,https://www.basketball-reference.com/players/s/sextoco01.html
406,Landry Shamet,SG,22,LAC,10,10,294,4.8,12.3,.390,3.3,9.3,.362,1.4,3.0,.474,1.6,1.6,1.000,0.0,2.4,2.4,2.7,0.6,0.2,1.9,4.9,14.5,,106,111,https://www.basketball-reference.com/players/s/shamela01.html
407,Iman Shumpert,SG,29,BRK,7,0,132,3.9,12.3,.314,2.1,8.5,.250,1.8,3.9,.455,1.1,1.8,.600,1.8,5.6,7.4,1.8,2.5,0.4,2.8,4.6,10.9,,81,109,https://www.basketball-reference.com/players/s/shumpim01.html
408,Pascal Siakam,PF,25,TOR,17,17,624,12.6,26.3,.478,3.2,8.1,.393,9.4,18.1,.517,5.3,6.5,.824,1.9,8.9,10.8,5.0,1.1,1.0,3.7,4.0,33.7,,111,103,https://www.basketball-reference.com/players/s/siakapa01.html
409,Chris Silva,PF,23,MIA,16,0,161,7.4,10.9,.676,0.0,0.6,.000,7.4,10.3,.714,4.1,5.9,.700,9.1,10.3,19.5,3.2,1.2,3.5,6.8,13.0,18.9,,111,99,https://www.basketball-reference.com/players/s/silvach01.html
410,Ben Simmons,PG,23,PHI,16,16,542,7.7,14.1,.544,0.1,0.2,.500,7.6,14.0,.544,2.5,4.2,.583,2.2,7.9,10.1,11.5,3.2,0.8,5.4,4.7,17.9,,106,100,https://www.basketball-reference.com/players/s/simmobe01.html
411,Anfernee Simons,SG,20,POR,19,1,414,8.5,19.7,.429,3.3,9.2,.354,5.2,10.5,.495,2.8,3.7,.758,0.5,3.3,3.7,2.9,1.1,0.2,2.1,4.2,23.0,,106,115,https://www.basketball-reference.com/players/s/simonan01.html
412,Marcus Smart,SG,25,BOS,17,12,555,6.4,16.3,.394,3.5,10.0,.345,2.9,6.2,.472,2.0,2.3,.885,1.2,4.0,5.2,7.5,2.2,0.7,1.5,3.2,18.3,,116,106,https://www.basketball-reference.com/players/s/smartma01.html
413,Dennis Smith,PG,22,NYK,11,0,172,6.6,19.7,.333,2.0,6.3,.318,4.6,13.4,.340,1.4,2.3,.625,2.6,2.6,5.1,8.3,1.7,0.3,4.6,7.4,16.5,,87,115,https://www.basketball-reference.com/players/s/smithde03.html
414,Ish Smith,PG,31,WAS,16,5,388,6.5,14.8,.440,1.4,4.1,.343,5.1,10.7,.478,0.9,1.5,.615,1.2,5.1,6.3,8.1,1.4,0.8,2.1,3.0,15.4,,109,116,https://www.basketball-reference.com/players/s/smithis01.html
415,Tony Snell,SF,28,DET,14,13,372,5.6,12.4,.453,3.9,8.7,.448,1.7,3.6,.464,0.5,0.5,1.000,0.7,2.2,2.9,3.0,0.9,0.3,0.8,3.3,15.6,,124,115,https://www.basketball-reference.com/players/s/snellto01.html
416,Omari Spellman,PF,22,GSW,18,0,329,7.2,16.8,.427,2.0,5.3,.378,5.2,11.5,.450,3.6,4.6,.781,6.3,8.6,15.0,2.9,1.7,1.9,3.5,3.5,20.0,,106,111,https://www.basketball-reference.com/players/s/spellom01.html
417,Max Strus,SG,23,CHI,1,0,5,18.7,28.1,.667,0.0,9.4,.000,18.7,18.7,1.000,9.4,9.4,1.000,9.4,0.0,9.4,0.0,0.0,0.0,0.0,9.4,46.9,,153,117,https://www.basketball-reference.com/players/s/strusma01.html
418,Edmond Sumner,PG,24,IND,3,2,67,6.5,13.0,.500,0.0,2.2,.000,6.5,10.8,.600,2.2,3.6,.600,0.7,1.4,2.2,4.3,3.6,0.7,0.7,6.5,15.2,,114,103,https://www.basketball-reference.com/players/s/sumneed01.html
419,,,,,,,,,,,,,,,,,,,,,,,,,,,,,,,,Error on row 419
420,Caleb Swanigan,PF,22,SAC,4,0,11,4.5,8.9,.500,0.0,0.0,,4.5,8.9,.500,4.5,8.9,.500,4.5,13.4,17.9,0.0,4.5,8.9,13.4,13.4,13.4,,57,90,https://www.basketball-reference.com/players/s/swanica01.html
421,Jayson Tatum,PF,21,BOS,17,17,582,10.3,25.7,.402,3.0,8.6,.346,7.4,17.1,.430,4.8,5.9,.817,2.1,7.8,9.9,3.7,1.8,0.8,2.8,3.4,28.4,,101,104,https://www.basketball-reference.com/players/t/tatumja01.html
422,Jeff Teague,PG,31,MIN,14,11,408,6.1,14.8,.412,1.0,4.1,.250,5.1,10.7,.474,6.3,7.5,.836,0.8,3.4,4.2,11.9,1.6,0.6,3.3,3.5,19.5,,116,111,https://www.basketball-reference.com/players/t/teaguje01.html
423,Garrett Temple,SG,33,BRK,18,9,466,5.7,14.0,.407,3.6,10.2,.353,2.1,3.8,.553,1.7,2.2,.773,0.8,4.3,5.1,3.1,1.9,1.1,1.6,3.4,16.7,,110,110,https://www.basketball-reference.com/players/t/templga01.html
424,Daniel Theis,C,27,BOS,14,13,322,5.8,12.1,.481,0.3,1.9,.154,5.5,10.2,.544,2.8,4.0,.704,3.9,11.6,15.5,2.7,1.2,3.4,1.6,7.2,14.8,,113,99,https://www.basketball-reference.com/players/t/theisda01.html
425,Isaiah Thomas,PG,30,WAS,14,11,343,8.7,20.5,.425,3.6,9.1,.397,5.1,11.4,.447,1.5,1.7,.846,0.1,2.8,2.9,9.9,0.8,0.4,4.2,3.9,22.5,,103,120,https://www.basketball-reference.com/players/t/thomais02.html
426,Khyri Thomas,SG,23,DET,2,0,6,0.0,0.0,,0.0,0.0,,0.0,0.0,,8.1,16.1,.500,0.0,0.0,0.0,0.0,0.0,0.0,0.0,0.0,8.1,,123,118,https://www.basketball-reference.com/players/t/thomakh01.html
427,Matt Thomas,SG,25,TOR,12,0,136,7.0,12.9,.541,4.9,9.1,.538,2.1,3.8,.545,1.0,1.7,.600,0.3,4.2,4.5,1.4,1.4,0.0,1.4,4.2,19.9,,126,107,https://www.basketball-reference.com/players/t/thomama02.html
428,Tristan Thompson,C,28,CLE,17,17,536,9.2,17.6,.523,0.3,0.6,.429,8.9,16.9,.527,3.2,5.0,.643,6.2,9.5,15.7,3.5,1.3,2.0,2.4,3.7,21.9,,116,110,https://www.basketball-reference.com/players/t/thomptr01.html
429,Matisse Thybulle,SG,22,PHI,17,2,245,4.5,11.5,.390,2.3,6.1,.387,2.2,5.5,.393,2.3,3.3,.706,0.8,2.7,3.5,3.1,4.9,2.5,3.9,8.0,13.7,,90,96,https://www.basketball-reference.com/players/t/thybuma01.html
430,Anthony Tolliver,PF,34,POR,15,7,267,3.0,10.1,.293,2.3,8.0,.283,0.7,2.1,.333,1.6,1.9,.818,1.6,7.2,8.7,1.9,0.5,1.0,1.7,3.5,9.8,,93,113,https://www.basketball-reference.com/players/t/tollian01.html
431,Karl-Anthony Towns,C,24,MIN,16,16,527,12.4,24.2,.513,5.5,12.4,.444,6.9,11.8,.585,6.4,8.0,.793,3.6,13.9,17.5,5.7,1.5,2.1,4.7,4.7,36.6,,121,103,https://www.basketball-reference.com/players/t/townska01.html
432,Gary Trent,SG,21,POR,11,1,93,7.5,16.6,.455,5.5,11.5,.478,2.0,5.0,.400,0.0,0.0,,1.5,4.5,6.0,2.5,1.0,1.0,1.0,3.5,20.6,,125,114,https://www.basketball-reference.com/players/t/trentga02.html
433,Allonzo Trier,PG,24,NYK,9,1,124,7.5,15.0,.500,4.0,8.7,.455,3.6,6.3,.563,7.5,9.5,.792,0.4,5.1,5.5,5.1,0.8,1.2,5.9,7.9,26.5,,112,115,https://www.basketball-reference.com/players/t/trieral01.html
434,P.J. Tucker,PF,34,HOU,18,18,630,4.7,8.8,.533,2.5,5.4,.453,2.2,3.4,.660,0.8,1.0,.786,1.8,6.1,7.9,1.7,2.0,0.7,1.2,4.2,12.7,,131,109,https://www.basketball-reference.com/players/t/tuckepj01.html
435,Evan Turner,PG,31,ATL,10,0,126,7.0,16.3,.432,0.0,1.1,.000,7.0,15.2,.463,3.7,4.4,.833,1.5,7.4,8.9,7.0,1.9,1.5,4.8,5.2,17.8,,93,112,https://www.basketball-reference.com/players/t/turneev01.html
436,Myles Turner,C,23,IND,9,9,274,7.4,15.0,.494,3.0,6.5,.459,4.4,8.5,.521,1.4,1.9,.727,2.5,7.6,10.1,1.6,0.7,4.1,3.0,3.7,19.2,,107,102,https://www.basketball-reference.com/players/t/turnemy01.html
437,Jonas Valančiūnas,C,27,MEM,17,17,412,10.4,18.9,.550,1.1,3.1,.357,9.3,15.8,.589,2.9,3.4,.867,4.4,13.6,17.9,3.6,0.6,1.5,4.3,4.9,24.9,,109,111,https://www.basketball-reference.com/players/v/valanjo01.html
438,Denzel Valentine,SF,26,CHI,5,0,32,13.2,30.8,.429,7.3,19.0,.385,5.9,11.7,.500,0.0,0.0,,2.9,10.3,13.2,2.9,1.5,0.0,1.5,2.9,33.7,,108,108,https://www.basketball-reference.com/players/v/valende01.html
439,Jarred Vanderbilt,SF,20,DEN,3,0,9,0.0,0.0,,0.0,0.0,,0.0,0.0,,0.0,0.0,,0.0,10.9,10.9,5.4,0.0,0.0,5.4,0.0,0.0,,43,106,https://www.basketball-reference.com/players/v/vandeja01.html
440,,,,,,,,,,,,,,,,,,,,,,,,,,,,,,,,Error on row 440
441,Fred VanVleet,PG,25,TOR,17,17,639,7.5,18.4,.407,3.1,8.3,.378,4.4,10.2,.431,5.0,5.6,.893,0.2,4.6,4.8,9.4,2.2,0.1,3.3,2.9,23.1,,113,105,https://www.basketball-reference.com/players/v/vanvlfr01.html
442,Noah Vonleh,C,24,MIN,14,1,177,5.2,11.2,.465,0.3,2.6,.100,4.9,8.6,.576,4.2,4.9,.842,4.4,8.8,13.2,3.9,1.0,0.8,3.4,5.2,14.8,,109,108,https://www.basketball-reference.com/players/v/vonleno01.html
443,Nikola Vučević,C,29,ORL,14,14,431,10.8,24.1,.450,1.8,5.7,.320,9.0,18.4,.491,3.8,4.4,.846,4.7,13.8,18.5,5.6,1.0,1.7,2.3,3.1,27.3,,111,103,https://www.basketball-reference.com/players/v/vucevni01.html
444,Dean Wade,PF,23,CLE,3,0,18,2.7,5.4,.500,2.7,2.7,1.000,0.0,2.7,.000,0.0,0.0,,0.0,5.4,5.4,0.0,2.7,0.0,0.0,8.0,8.0,,148,111,https://www.basketball-reference.com/players/w/wadede01.html
445,Moritz Wagner,C,22,WAS,16,0,307,11.7,18.1,.645,2.8,6.0,.475,8.8,12.1,.728,3.3,4.0,.815,3.1,9.9,13.0,3.3,1.6,1.6,5.4,9.1,29.5,,117,112,https://www.basketball-reference.com/players/w/wagnemo01.html
446,Kemba Walker,PG,29,BOS,16,16,517,10.5,25.5,.412,5.3,13.1,.404,5.2,12.4,.421,6.8,7.3,.924,1.6,5.4,7.0,6.9,1.4,0.7,3.2,2.7,33.1,,115,106,https://www.basketball-reference.com/players/w/walkeke02.html
447,Lonnie Walker,SG,21,SAS,12,0,64,7.4,20.0,.370,0.7,3.0,.250,6.7,17.1,.391,0.7,5.2,.143,1.5,6.7,8.2,3.0,0.0,0.7,2.2,3.7,16.3,,77,117,https://www.basketball-reference.com/players/w/walkelo01.html
448,Tyrone Wallace,SG,25,ATL,11,0,129,4.3,12.7,.343,0.0,3.6,.000,4.3,9.1,.480,4.0,6.2,.647,1.1,5.8,6.9,4.3,1.8,0.0,3.3,5.8,12.7,,84,115,https://www.basketball-reference.com/players/w/wallaty01.html
449,Taurean Waller-Prince,SF,25,BRK,18,18,540,7.2,17.7,.410,4.2,10.5,.402,3.0,7.1,.422,1.6,2.2,.720,1.2,8.2,9.4,2.8,1.3,0.4,3.4,4.4,20.2,,98,110,https://www.basketball-reference.com/players/p/princta02.html
450,Derrick Walton,PG,24,LAC,3,0,9,5.2,5.2,1.000,5.2,5.2,1.000,0.0,0.0,,0.0,0.0,,0.0,0.0,0.0,5.2,0.0,0.0,5.2,10.4,15.6,,125,114,https://www.basketball-reference.com/players/w/waltode01.html
451,Brad Wanamaker,PG,30,BOS,17,0,293,6.6,13.3,.494,1.3,3.4,.381,5.2,9.8,.533,5.7,6.2,.921,1.0,4.3,5.2,7.7,2.1,0.5,3.4,4.9,20.2,,119,106,https://www.basketball-reference.com/players/w/wanambr01.html
452,T.J. Warren,SF,26,IND,17,17,569,10.5,21.2,.498,1.4,4.3,.333,9.1,16.8,.540,2.6,3.3,.795,0.9,4.0,4.9,1.4,1.7,0.5,2.0,3.7,25.1,,106,106,https://www.basketball-reference.com/players/w/warretj01.html
453,PJ Washington,PF,21,CHO,19,19,522,7.6,15.3,.497,2.3,5.2,.446,5.3,10.1,.523,2.4,3.6,.667,1.6,7.5,9.1,2.5,1.9,1.5,2.1,4.6,19.9,,111,111,https://www.basketball-reference.com/players/w/washipj01.html
454,Yuta Watanabe,SG,25,MEM,1,0,3,30.8,30.8,1.000,0.0,0.0,,30.8,30.8,1.000,0.0,0.0,,0.0,15.4,15.4,0.0,0.0,0.0,0.0,15.4,61.5,,200,113,https://www.basketball-reference.com/players/w/watanyu01.html
455,Tremont Waters,PG,22,BOS,1,0,20,4.8,16.8,.286,2.4,12.0,.200,2.4,4.8,.500,4.8,4.8,1.000,0.0,4.8,4.8,7.2,2.4,4.8,4.8,4.8,16.8,,87,99,https://www.basketball-reference.com/players/w/watertr01.html
456,Russell Westbrook,PG,31,HOU,16,16,539,11.2,26.5,.422,1.7,7.5,.225,9.5,19.0,.500,6.4,9.0,.717,1.9,8.5,10.3,9.2,2.1,0.4,5.8,5.3,30.5,,101,108,https://www.basketball-reference.com/players/w/westbru01.html
457,Coby White,SG,19,CHI,19,0,487,8.6,23.4,.366,3.7,11.2,.328,4.9,12.2,.402,2.9,3.7,.789,0.5,5.9,6.4,3.9,1.6,0.0,2.8,2.7,23.7,,93,110,https://www.basketball-reference.com/players/w/whiteco01.html
458,Derrick White,SG,25,SAS,17,5,403,6.7,14.7,.456,1.5,4.2,.361,5.2,10.5,.494,4.7,6.0,.784,1.2,3.7,4.8,6.0,0.9,1.5,2.4,5.3,19.7,,115,116,https://www.basketball-reference.com/players/w/whitede01.html
459,Hassan Whiteside,C,30,POR,16,16,439,10.4,17.4,.598,0.0,0.0,,10.4,17.4,.598,5.0,6.3,.797,6.2,14.7,20.8,1.6,0.6,2.9,3.4,4.8,25.8,,122,106,https://www.basketball-reference.com/players/w/whiteha01.html
460,Andrew Wiggins,SF,24,MIN,15,15,524,12.7,27.2,.468,3.1,8.7,.354,9.6,18.5,.521,4.7,6.9,.684,1.6,5.5,7.1,4.3,0.9,1.5,2.4,3.2,33.2,,110,110,https://www.basketball-reference.com/players/w/wiggian01.html
461,,,,,,,,,,,,,,,,,,,,,,,,,,,,,,,,Error on row 461
462,Grant Williams,PF,21,BOS,16,0,236,2.4,9.6,.255,0.0,4.3,.000,2.4,5.3,.462,2.4,3.1,.800,2.4,5.3,7.7,2.9,1.6,1.8,2.6,5.7,7.3,,77,104,https://www.basketball-reference.com/players/w/willigr01.html
463,Kenrich Williams,PF,25,NOP,18,10,463,3.9,8.9,.433,2.0,5.6,.351,1.9,3.3,.576,0.8,1.9,.421,3.3,7.8,11.1,3.4,1.8,1.4,1.5,5.0,10.5,,116,112,https://www.basketball-reference.com/players/w/willike04.html
464,Lou Williams,SG,33,LAC,19,3,613,10.5,24.3,.431,2.8,7.3,.379,7.7,17.1,.453,8.9,10.6,.842,0.9,4.3,5.2,8.9,0.8,0.2,4.6,2.1,32.7,,113,109,https://www.basketball-reference.com/players/w/willilo02.html
465,Marvin Williams,PF,33,CHO,19,0,371,6.6,13.0,.510,3.0,7.4,.404,3.6,5.6,.651,2.0,2.3,.833,1.3,5.1,6.4,1.6,1.4,0.7,1.4,4.0,18.2,,121,114,https://www.basketball-reference.com/players/w/willima02.html
466,Robert Williams,C,22,BOS,15,1,213,6.3,8.6,.737,0.0,0.0,,6.3,8.6,.737,1.4,2.5,.545,3.8,11.3,15.1,4.5,3.2,3.8,2.7,6.3,14.0,,128,95,https://www.basketball-reference.com/players/w/williro04.html
467,Nigel Williams-Goss,PG,25,UTA,4,0,8,0.0,11.9,.000,0.0,6.0,.000,0.0,6.0,.000,0.0,0.0,,0.0,0.0,0.0,6.0,0.0,0.0,6.0,6.0,0.0,,20,112,https://www.basketball-reference.com/players/w/willini01.html
468,D.J. Wilson,PF,23,MIL,7,0,55,6.6,16.4,.400,2.5,11.5,.214,4.1,4.9,.833,0.0,0.0,,2.5,6.6,9.0,4.1,0.0,0.8,3.3,2.5,15.6,,94,108,https://www.basketball-reference.com/players/w/wilsodj01.html
469,Justise Winslow,SF,23,MIA,6,5,215,6.8,18.1,.378,0.7,3.3,.200,6.2,14.8,.418,3.1,4.6,.667,2.2,8.2,10.4,6.0,1.3,0.7,3.8,4.9,17.5,,91,104,https://www.basketball-reference.com/players/w/winslju01.html
470,Christian Wood,PF,24,DET,16,0,232,10.0,16.7,.600,2.3,5.0,.458,7.7,11.7,.661,5.2,7.5,.694,3.5,10.4,14.0,1.3,1.0,3.5,2.5,2.7,27.5,,126,106,https://www.basketball-reference.com/players/w/woodch01.html
471,Delon Wright,SG,27,DAL,17,2,378,6.5,13.0,.495,1.0,3.4,.296,5.4,9.6,.566,3.0,3.8,.800,1.8,5.7,7.5,6.6,2.4,0.8,1.6,2.5,17.0,,125,108,https://www.basketball-reference.com/players/w/wrighde01.html
472,Thaddeus Young,PF,31,CHI,19,0,408,7.8,19.3,.405,2.4,7.5,.323,5.4,11.8,.456,1.7,2.9,.600,3.8,5.6,9.4,3.7,2.2,0.7,3.4,3.4,19.8,,95,108,https://www.basketball-reference.com/players/y/youngth01.html
473,Trae Young,PG,21,ATL,17,17,581,12.1,27.7,.436,4.2,11.6,.361,7.9,16.1,.490,8.2,9.8,.836,0.7,5.4,6.1,11.7,2.0,0.1,6.5,1.7,36.5,,109,115,https://www.basketball-reference.com/players/y/youngtr01.html
474,Cody Zeller,C,27,CHO,17,17,417,8.7,16.8,.517,1.3,3.6,.355,7.4,13.2,.561,3.4,5.3,.630,6.0,10.0,16.0,2.5,1.0,0.7,2.9,5.0,22.0,,113,112,https://www.basketball-reference.com/players/z/zelleco01.html
475,Ante Žižić,C,23,CLE,4,0,64,7.5,13.6,.556,0.0,0.0,,7.5,13.6,.556,3.0,3.8,.800,3.8,6.8,10.6,0.0,0.8,0.8,0.8,6.0,18.1,,124,114,https://www.basketball-reference.com/players/z/zizican01.html
476,Ivica Zubac,C,22,LAC,19,17,306,9.8,16.1,.610,0.0,0.2,.000,9.8,15.9,.615,5.4,6.7,.795,7.2,12.6,19.8,2.5,0.6,3.4,2.5,6.9,25.0,,132,100,https://www.basketball-reference.com/players/z/zubaciv01.html
